Company,Market,Symbol
"Agilent Technologies, Inc. Common Stock",Nyse,A
Alcoa Corporation Common Stock ,Nyse,AA
Acadian Asset Management Inc. Common Stock,Nyse,AAMI
Advance Auto Parts Inc.,Nyse,AAP
"American Assets Trust, Inc. Common Stock",Nyse,AAT
Allied Gold Corporation Common Shares,Nyse,AAUC
AllianceBernstein Holding L.P.  Units,Nyse,AB
AbbVie Inc. Common Stock,Nyse,ABBV
Ameris Bancorp Common Stock,Nyse,ABCB
Ambev S.A. American Depositary Shares (Each representing 1 Common Share),Nyse,ABEV
Asbury Automotive Group Inc Common Stock,Nyse,ABG
ABM Industries Incorporated Common Stock,Nyse,ABM
Arbor Realty Trust Common Stock,Nyse,ABR
"Arbor Realty Trust 6.375% Series D Cumulative Redeemable Preferred Stock, Liquidation Preference $25.00 per Share",Nyse,ABR$D
Arbor Realty Trust 6.25% Series E Cumulative Redeemable Preferred Stock,Nyse,ABR$E
Arbor Realty Trust 6.25% Series F Fixed,Nyse,ABR$F
Abbott Laboratories Common Stock,Nyse,ABT
"Abacus Global Management, Inc. Class A Common Stock",Nyse,ABX
"Abacus Global Management, Inc. 9.875% Fixed Rate Senior Notes due 2028",Nyse,ABXL
"Arcosa, Inc. Common Stock ",Nyse,ACA
Acco Brands Corporation Common Stock,Nyse,ACCO
"Accel Entertainment, Inc. ",Nyse,ACEL
"Accendra Health, Inc. Common Stock",Nyse,ACH
Archer Aviation Inc. Class A Common Stock,Nyse,ACHR
"Archer Aviation Inc. Redeemable Warrants, each whole warrant exercisable for one Class A common stock at an exercise price of $11.50",Nyse,ACHR.W
"Albertsons Companies, Inc. Class A Common Stock",Nyse,ACI
TCW AAA CLO ETF,Nyse,ACLO
AECOM Common Stock,Nyse,ACM
Accenture plc Class A Ordinary Shares (Ireland),Nyse,ACN
abrdn Income Credit Strategies Fund Common Shares,Nyse,ACP
abrdn Income Credit Strategies Fund 5.250% Series A Perpetual Preferred Stock,Nyse,ACP$A
ACRES Commercial Realty Corp. Common Stock,Nyse,ACR
ACRES Commercial Realty Corp. 8.625% Fixed,Nyse,ACR$C
ACRES Commercial Realty Corp. 7.875% Series D Cumulative Redeemable Preferred Stock,Nyse,ACR$D
Ares Commercial Real Estate Corporation Common Stock,Nyse,ACRE
Virtus Diversified Income & Convertible Fund Common Shares of Beneficial Interest,Nyse,ACV
ACV Auctions Inc. Class A Common Stock,Nyse,ACVA
"Array Digital Infrastructure, Inc. Common Shares",Nyse,AD
Agree Realty Corporation Common Stock,Nyse,ADC
"Agree Realty Corporation Depositary Shares, each representing 1/1,000th of a 4.250% Series A Cumulative Redeemable Preferred Stock",Nyse,ADC$A
ADC Therapeutics SA Common Shares,Nyse,ADCT
Archer,Nyse,ADM
Adient plc Ordinary Shares ,Nyse,ADNT
ADT Inc. Common Stock,Nyse,ADT
Adams Diversified Equity Fund Inc.,Nyse,ADX
Ameren Corporation Common Stock,Nyse,AEE
Aegon Funding Company LLC 5.10% Subordinated Notes due 2049,Nyse,AEFC
Aegon Ltd. New York Registry Shares,Nyse,AEG
Agnico Eagle Mines Limited Common Stock,Nyse,AEM
"American Eagle Outfitters, Inc. Common Stock",Nyse,AEO
AerCap Holdings N.V. Ordinary Shares,Nyse,AER
"Grupo Aeromexico, S.A.B. de C.V. American Depositary Shares (each representing ten (10) Common Shares)",Nyse,AERO
The AES Corporation Common Stock,Nyse,AES
Atlas Energy Solutions Inc. Common Stock,Nyse,AESI
American Exceptionalism Acquisition Corp. A Class A Ordinary Shares,Nyse,AEXA
AllianceBernstein National Municipal Income Fund Inc,Nyse,AFB
"American Financial Group, Inc. Common Stock",Nyse,AFG
"American Financial Group, Inc. 5.875% Subordinated Debentures due 2059",Nyse,AFGB
"American Financial Group, Inc. 5.125% Subordinated Debentures due 2059",Nyse,AFGC
"American Financial Group, Inc. 5.625% Subordinated Debentures due 2060",Nyse,AFGD
"American Financial Group, Inc. 4.500% Subordinated Debentures due 2060",Nyse,AFGE
AFLAC Incorporated Common Stock,Nyse,AFL
First Majestic Silver Corp. Ordinary Shares (Canada),Nyse,AG
AGI Inc Class A Common Shares,Nyse,AGBK
AGCO Corporation Common Stock,Nyse,AGCO
abrdn Global Dynamic Dividend Fund Common Shares of Beneficial Interest,Nyse,AGD
Alamos Gold Inc. Class A Common Shares,Nyse,AGI
"agilon health, inc. Common Stock",Nyse,AGL
Federal Agricultural Mortgage Corporation Common Stock,Nyse,AGM
Federal Agricultural Mortgage Corporation 5.700% Non,Nyse,AGM$D
Federal Agricultural Mortgage Corporation 5.750% Non,Nyse,AGM$E
Federal Agricultural Mortgage Corporation 5.250% Non,Nyse,AGM$F
Federal Agricultural Mortgage Corporation 4.875% Non,Nyse,AGM$G
Federal Agricultural Mortgage Corporation 6.500% Non,Nyse,AGM$H
Federal Agricultural Mortgage Corporation Common Stock,Nyse,AGM.A
Assured Guaranty Ltd. Common Stock,Nyse,AGO
Adecoagro S.A. Common Shares,Nyse,AGRO
"Argan, Inc. Common Stock",Nyse,AGX
Aspen Insurance Holdings Limited 5.625% Perpetual Non,Nyse,AHL$D
"Aspen Insurance Holdings Limited Depositary Shares, each representing a 1/1000th interest in a share of 5.625% Perpetual Non",Nyse,AHL$E
"Aspen Insurance Holdings Limited Depositary Shares, each representing a 1/1,000th Interest in a 7.00% Perpetual Non",Nyse,AHL$F
"American Healthcare REIT, Inc. Common Stock",Nyse,AHR
"AH Realty Trust, Inc. Common Stock",Nyse,AHRT
"AH Realty Trust, Inc. 6.75% Series A Cumulative Redeemable Perpetual Preferred Stock",Nyse,AHRT$A
Ashford Hospitality Trust Inc Common Stock,Nyse,AHT
Ashford Hospitality Trust Inc 8.45% Series D Cumulative Preferred Stock,Nyse,AHT$D
Ashford Hospitality Trust Inc 7.375% Series F Cumulative Preferred Stock,Nyse,AHT$F
Ashford Hospitality Trust Inc 7.375% Series G Cumulative Preferred Stock,Nyse,AHT$G
Ashford Hospitality Trust Inc 7.50% Series H Cumulative Preferred Stock,Nyse,AHT$H
Ashford Hospitality Trust Inc 7.50% Series I Cumulative Preferred Stock,Nyse,AHT$I
"C3.ai, Inc. Class A Common Stock",Nyse,AI
"American International Group, Inc. New Common Stock",Nyse,AIG
"American Integrity Insurance Group, Inc. Common Stock",Nyse,AII
AI Infrastructure Acquisition Corp. Class A Ordinary Shares,Nyse,AIIA
"AI Infrastructure Acquisition Corp. Rights, each entitling the holder to receive one",Nyse,AIIA.R
"AI Infrastructure Acquisition Corp. Units, each consisting of one Class A Ordinary Share and one Right",Nyse,AIIA.U
Albany International Corporation Common Stock,Nyse,AIN
Virtus Artificial Intelligence & Technology Opportunities Fund Common Shares of Beneficial Interest,Nyse,AIO
AAR Corp. Common Stock,Nyse,AIR
"Applied Industrial Technologies, Inc. Common Stock",Nyse,AIT
Apartment Investment and Management Company Common Stock,Nyse,AIV
"Assurant, Inc. Common Stock",Nyse,AIZ
"Assurant, Inc. 5.25% Subordinated Notes due 2061",Nyse,AIZN
Arthur J. Gallagher & Co. Common Stock,Nyse,AJG
a.k.a. Brands Holding Corp. Common Stock,Nyse,AKA
The Frontier Economic Fund,Nyse,AKAF
Embotelladora Andina S.A. Common Stock,Nyse,AKO.A
Embotelladora Andina S.A. Common Stock,Nyse,AKO.B
Acadia Realty Trust Common Stock,Nyse,AKR
Air Lease Corporation Class A Common Stock,Nyse,AL
Albemarle Corporation Common Stock,Nyse,ALB
Albemarle Corporation Depositary Shares each representing a 1/20th of 7.25% Series A Mandatory Convertible Preferred Stock,Nyse,ALB$A
Alcon Inc. Ordinary Shares,Nyse,ALC
"Alexander & Baldwin, Inc. Common Stock REIT Holding Company",Nyse,ALEX
"Alamo Group, Inc. Common Stock",Nyse,ALG
Alliance Laundry Holdings Inc. Common Stock,Nyse,ALH
"Alight, Inc. Class A Common Stock",Nyse,ALIT
"Alaska Air Group, Inc. Common Stock",Nyse,ALK
Allstate Corporation (The) Common Stock,Nyse,ALL
Allstate Corporation (The) 5.100% Fixed,Nyse,ALL$B
"Allstate Corporation (The) Depositary Shares each representing a 1/1,000th interest in a share of Fixed Rate Noncumulative Perpetual Preferred Stock, Series H",Nyse,ALL$H
"Allstate Corporation (The) Depositary Shares each representing a 1/1,000th interest in a share of Fixed Rate Noncumulative Perpetual Preferred Stock, Series I",Nyse,ALL$I
"Allstate Corporation (The) Depositary Shares each representing a 1/1,000th interest in a share of Fixed Rate Noncumulative Perpetual Preferred Stock, Series J",Nyse,ALL$J
Allegion plc Ordinary Shares,Nyse,ALLE
Ally Financial Inc. Common Stock,Nyse,ALLY
"Allison Transmission Holdings, Inc. Common Stock",Nyse,ALSN
Alta Equipment Group Inc. Class A Common Stock,Nyse,ALTG
Alta Equipment Group Inc. Depositary Shares (each representing 1/1000th in a share of 10% Series A Cumulative Perpetual Preferred Stock),Nyse,ALTG$A
Alussa Energy Acquisition Corp. II Class A Ordinary Shares,Nyse,ALUB
"Alussa Energy Acquisition Corp. II Units, each consisting of one Class A ordinary share and one",Nyse,ALUB.U
"Alussa Energy Acquisition Corp. II Redeemable Warrants, each whole warrant exercisable for one Class A ordinary share at an exercise price of $11.50 per share",Nyse,ALUB.W
"Autoliv, Inc. Common Stock",Nyse,ALV
"Alexander's, Inc. Common Stock",Nyse,ALX
Antero Midstream Corporation Common Stock,Nyse,AM
Ardagh Metal Packaging S.A. Ordinary Shares,Nyse,AMBP
"Ambiq Micro, Inc. Common Stock",Nyse,AMBQ
"AMC Entertainment Holdings, Inc. Class A Common Stock",Nyse,AMC
Amcor plc Ordinary Shares,Nyse,AMCR
"AMETEK, Inc.",Nyse,AME
"Affiliated Managers Group, Inc. Common Stock",Nyse,AMG
American Homes 4 Rent Common Shares of Beneficial Interest,Nyse,AMH
American Homes 4 Rent Series G cumulative redeemable perpetual preferred shares of beneficial interest,Nyse,AMH$G
American Homes 4 Rent Series H cumulative redeemable perpetual Preferred Shares of Beneficial Interest,Nyse,AMH$H
AMN Healthcare Services Inc,Nyse,AMN
"Ameriprise Financial, Inc. Common Stock",Nyse,AMP
"Amprius Technologies, Inc. Common Stock",Nyse,AMPX
"Amprius Technologies, Inc. Warrants to purchase one share of Common Stock at an exercise price of $11.50 per share",Nyse,AMPX.W
Amplify Energy Corp. Common Stock,Nyse,AMPY
"Alpha Metallurgical Resources, Inc. Common Stock",Nyse,AMR
"Ameresco, Inc. Class A Common Stock",Nyse,AMRC
Amrize Ltd Ordinary Shares,Nyse,AMRZ
American Tower Corporation (REIT) Common Stock,Nyse,AMT
Amerant Bancorp Inc. Class A Common Stock,Nyse,AMTB
"AMTD IDEA Group American Depositary Shares, each representing six (6) Class A Ordinary Shares",Nyse,AMTD
"Amentum Holdings, Inc. Common Stock",Nyse,AMTM
American Well Corporation Class A Common Stock,Nyse,AMWL
"America Movil, S.A.B. de C.V. American Depositary Shares (each representing the right to receive twenty (20) Series B Shares",Nyse,AMX
"AutoNation, Inc. Common Stock",Nyse,AN
Andersen Group Inc. Class A Common Stock,Nyse,ANDG
"Arista Networks, Inc. Common Stock",Nyse,ANET
Abercrombie & Fitch Company Common Stock,Nyse,ANF
"American National Group Inc. Depositary Shares, each representing a 1/1000th interest in a share of 7.375% Fixed",Nyse,ANG$D
"Angel Studios, Inc. Class A Common Stock",Nyse,ANGX
"Alto Neuroscience, Inc. Common Stock",Nyse,ANRO
"Annovis Bio, Inc. Common Stock",Nyse,ANVS
abrdn Total Dynamic Dividend Fund Common Shares of Beneficial Interest,Nyse,AOD
"Angel Oak Mortgage REIT, Inc. 9.750% Senior Notes due 2030",Nyse,AOMD
"Angel Oak Mortgage REIT, Inc. 9.500% Senior Notes due 2029",Nyse,AOMN
"Angel Oak Mortgage REIT, Inc. Common Stock",Nyse,AOMR
Aon plc Class A Ordinary Shares (Ireland),Nyse,AON
"Artivion, Inc. Common Stock",Nyse,AORT
A.O. Smith Corporation Common Stock,Nyse,AOS
Ampco,Nyse,AP
Artisan Partners Asset Management Inc. Class A Common Stock,Nyse,APAM
"Air Products and Chemicals, Inc. Common Stock",Nyse,APD
APi Group Corporation Common Stock,Nyse,APG
Amphenol Corporation Common Stock,Nyse,APH
"Apple Hospitality REIT, Inc. Common Shares",Nyse,APLE
"Apollo Global Management, Inc. (New) Common Stock",Nyse,APO
"Apollo Global Management, Inc. 6.75% Series A Mandatory Convertible Preferred Stock",Nyse,APO$A
"Apollo Global Management, Inc. 7.625% Fixed",Nyse,APOS
Aptiv PLC Ordinary Shares,Nyse,APTV
Algonquin Power & Utilities Corp. Common Shares,Nyse,AQN
Algonquin Power & Utilities Corp. 6.20% Fixed,Nyse,AQNB
Antero Resources Corporation Common Stock,Nyse,AR
Arcos Dorados Holdings Inc. Class A Shares,Nyse,ARCO
"Ares Dynamic Credit Allocation Fund, Inc. Common Shares",Nyse,ARDC
"Ardent Health, Inc. Common Stock",Nyse,ARDT
"Alexandria Real Estate Equities, Inc. Common Stock",Nyse,ARE
Ares Management Corporation Class A Common Stock,Nyse,ARES
Ares Management Corporation 6.75% Series B Mandatory Convertible Preferred Stock,Nyse,ARES$B
"Apollo Commercial Real Estate Finance, Inc",Nyse,ARI
Aris Mining Corporation Common Shares,Nyse,ARIS
"American Realty Investors, Inc. Common Stock",Nyse,ARL
"Arlo Technologies, Inc. Common Stock",Nyse,ARLO
Aramark Common Stock,Nyse,ARMK
"Archrock, Inc. Common Stock",Nyse,AROC
"ARMOUR Residential REIT, Inc.",Nyse,ARR
"ARMOUR Residential REIT, Inc. 7% Series C Cumulative Redeemable Preferred Stock (liquidation preference $25.00 per share)",Nyse,ARR$C
"Arrow Electronics, Inc. Common Stock",Nyse,ARW
Accelerant Holdings Class A Common Shares,Nyse,ARX
"Amer Sports, Inc. Ordinary Shares",Nyse,AS
ASA  Gold and Precious Metals Limited,Nyse,ASA
"Asana, Inc. Class A Common Stock",Nyse,ASAN
Associated Banc,Nyse,ASB
Associated Banc,Nyse,ASB$E
Associated Banc,Nyse,ASB$F
Associated Banc,Nyse,ASBA
Ardmore Shipping Corporation Common Stock,Nyse,ASC
Liberty All,Nyse,ASG
abrdn Global Infrastructure Income Fund Common Shares of Beneficial Interest,Nyse,ASGI
ASGN Incorporated Common Stock,Nyse,ASGN
Ashland Inc. Common Stock,Nyse,ASH
Ategrity Specialty Insurance Company Holdings Common Stock,Nyse,ASIC
AdvanSix Inc. Common Stock ,Nyse,ASIX
"Aspen Aerogels, Inc. Common Stock",Nyse,ASPN
"Grupo Aeroportuario del Sureste, S.A. de C.V. Common Stock",Nyse,ASR
"ASE Technology Holding Co., Ltd. American Depositary Shares (each representing Two Common Shares) ",Nyse,ASX
"A10 Networks, Inc. Common Stock",Nyse,ATEN
"Athene Holding Ltd. Depositary Shares, Each Representing a 1/1,000th Interest in a 6.35% Fixed",Nyse,ATH$A
"Athene Holding Ltd. Depositary Shares, Each Representing a 1/1,000th Interest in a 5.625% Fixed Rate Perpetual Non",Nyse,ATH$B
"Athene Holding Ltd. Depositary Shares, Each Representing a 1/1,000th Interest in a 4.875% Fixed",Nyse,ATH$D
"Athene Holding Ltd. Depositary Shares, Each Representing a 1/1,000th Interest in a 7.750% Fixed",Nyse,ATH$E
"Autohome Inc. American Depositary Shares, each representing four class A ordinary shares.",Nyse,ATHM
Athene Holding Ltd. 7.250% Fixed,Nyse,ATHS
ATI Inc. Common Stock,Nyse,ATI
Atkore Inc. Common Stock,Nyse,ATKR
Atmus Filtration Technologies Inc. Common Stock,Nyse,ATMU
Atmos Energy Corporation Common Stock,Nyse,ATO
"AptarGroup, Inc. Common Stock",Nyse,ATR
ATS Corporation Common Shares,Nyse,ATS
AngloGold Ashanti PLC Ordinary Shares,Nyse,AU
Atlantic Union Bankshares Corporation Common Stock,Nyse,AUB
Atlantic Union Bankshares Corporation Depositary Shares each representing a 1/400th ownership interest in a share of 6.875% Perpetual Non,Nyse,AUB$A
Auna SA Class A Ordinary Shares,Nyse,AUNA
Avista Corporation Common Stock,Nyse,AVA
Grupo Aval Acciones y Valores S.A. ADR (Each representing 20 preferred shares),Nyse,AVAL
"AvalonBay Communities, Inc. Common Stock",Nyse,AVB
"Avidia Bancorp, Inc. Common Stock",Nyse,AVBC
American Vanguard Corporation Common Stock ($0.10 Par Value),Nyse,AVD
Advent Convertible and Income Fund,Nyse,AVK
"Avanos Medical, Inc. Common Stock",Nyse,AVNS
Avient Corporation Common Stock,Nyse,AVNT
"Avantor, Inc. Common Stock",Nyse,AVTR
Avery Dennison Corporation Common Stock,Nyse,AVY
Alliancebernstein Global High Income Fund,Nyse,AWF
Armstrong World Industries Inc Common Stock,Nyse,AWI
"American Water Works Company, Inc. Common Stock",Nyse,AWK
abrdn Global Premier Properties Fund Common Shares of Beneficial Interest,Nyse,AWP
American States Water Company Common Stock,Nyse,AWR
"Axos Financial, Inc. Common Stock",Nyse,AX
AXIA Energia American Depositary Shares (Each representing one Common Share),Nyse,AXIA
AXIA Energia AXIA Energia American Depositary Shares (Each representing one Preferred Class B1 Share),Nyse,AXIA$
"AXIA Energia American Depositary Shares, each representing one Preferred Class C Share",Nyse,AXIA$C
American Express Company Common Stock,Nyse,AXP
AMREP Corporation Common Stock,Nyse,AXR
Axis Capital Holdings Limited Common Stock,Nyse,AXS
"Axis Capital Holdings Limited Depositary Shares, each representing 1/100th interest in a share of a 5.50% Series E Preferred Shares",Nyse,AXS$E
Axalta Coating Systems Ltd. Common Shares,Nyse,AXTA
Acuity Inc. Common Stock,Nyse,AYI
AstraZeneca PLC Ordinary Shares,Nyse,AZN
"AutoZone, Inc. Common Stock",Nyse,AZO
AZZ Inc.,Nyse,AZZ
Barrick Mining Corporation Common Shares,Nyse,B
Boeing Company (The) Common Stock,Nyse,BA
"Boeing Company (The) Depositary Shares, each representing a 1/20th interest in a share of 6.00% Series A Mandatory Convertible Preferred Stock, par value $1.00",Nyse,BA$A
Alibaba Group Holding Limited American Depositary Shares each representing eight Ordinary share,Nyse,BABA
Bank of America Corporation Common Stock,Nyse,BAC
"Bank of America Corporation Depositary Shares, each representing a 1/1,000th interest in a share of 6.000% Non",Nyse,BAC$B
Bank of America Corporation Depositary Sh repstg 1/1000th Perp Pfd Ser E,Nyse,BAC$E
"Bank of America Corporation Depositary Shares, each representing a 1/1,000th interest in a share of 5.875% Non",Nyse,BAC$K
Bank of America Corporation Non Cumulative Perpetual Conv Pfd Ser L,Nyse,BAC$L
"Bank of America Corporation Depositary Shares, each representing a 1/1,000th interest in a share of 5.375% Non",Nyse,BAC$M
"Bank of America Corporation Depositary shares, each representing 1/1,000th interest in a share of 5.000% Non",Nyse,BAC$N
"Bank of America Corporation Depositary shares, each representing 1/1,000th interest in a share of 4.375% Non",Nyse,BAC$O
"Bank of America Corporation Depositary Shares, each representing a 1/1,000th interest in a share of 4.125% Non",Nyse,BAC$P
"Bank of America Corporation Depositary shares, each representing 1/1,000th interest in a share of 4.250% Non",Nyse,BAC$Q
"Bank of America Corporation Depositary shares, each representing 1/1,000th interest in a share of 4.750% Non",Nyse,BAC$S
Booz Allen Hamilton Holding Corporation Common Stock,Nyse,BAH
Braskem SA ADR,Nyse,BAK
Ball Corporation Common Stock,Nyse,BALL
Bally's Corporation Common Stock,Nyse,BALY
Brookfield Asset Management Inc Class A Limited Voting Shares,Nyse,BAM
"Banc of California, Inc. Common Stock",Nyse,BANC
"Banc of California, Inc. Depositary Shares, each representing a 1/40th interest in a share of 7.75% non",Nyse,BANC$F
Credicorp Ltd. Common Stock,Nyse,BAP
"BARK, Inc. Class A Common Stock",Nyse,BARK
Baxter International Inc. Common Stock,Nyse,BAX
BlackBerry Limited Common Stock,Nyse,BB
"BigBear.ai, Inc. Common Stock",Nyse,BBAI
"BigBear.ai, Inc. Redeemable Warrants, each exercisable for one share of Common Stock at an exercise price of $11.50 per share",Nyse,BBAI.W
Banco BBVA Argentina S.A. ADS,Nyse,BBAR
"Bed Bath & Beyond, Inc. Common Stock",Nyse,BBBY
"Bed Bath & Beyond, Inc. Warrants to Purchase Common Stock",Nyse,BBBY.W
Banco Bradesco Sa American Depositary Shares,Nyse,BBD
"Barings BDC, Inc. Common Stock",Nyse,BBDC
Banco Bradesco Sa American Depositary Shares (each representing one Common Share),Nyse,BBDO
BlackRock Taxable Municipal Bond Trust Common Shares of Beneficial Interest,Nyse,BBN
Beacon Financial Corporation Common stock,Nyse,BBT
Brookfield Business Partners L.P. Limited Partnership Units ,Nyse,BBU
Brookfield Business Corporation Class A Exchangeable Subordinate Voting Shares,Nyse,BBUC
Banco Bilbao Vizcaya Argentaria S.A. Common Stock,Nyse,BBVA
Build,Nyse,BBW
"Bath & Body Works, Inc.",Nyse,BBWI
"Best Buy Co., Inc. Common Stock",Nyse,BBY
Brunswick Corporation Common Stock,Nyse,BC
Brunswick Corporation 6.375% Notes due 2049,Nyse,BC$C
BlackRock Capital Allocation Term Trust Common Shares of Beneficial Interest,Nyse,BCAT
"Boise Cascade, L.L.C. Common Stock",Nyse,BCC
"BCE, Inc. Common Stock",Nyse,BCE
Baron Global Durable Advantage ETF,Nyse,BCGD
Banco De Chile ADS,Nyse,BCH
Brinks Company (The) Common Stock,Nyse,BCO
Barclays PLC Common Stock,Nyse,BCS
"Bain Capital Specialty Finance, Inc. Common Stock",Nyse,BCSF
Baron SMID Cap ETF,Nyse,BCSM
Bain Capital GSS Investment Corp. Class A Ordinary Shares,Nyse,BCSS
"Bain Capital GSS Investment Corp. Units, each consisting of one Class A Ordinary Share and one",Nyse,BCSS.U
"Bain Capital GSS Investment Corp. Redeemable warrants, each whole warrant exercisable for one Class A ordinary share at an exercise price of $11.50",Nyse,BCSS.W
BlackRock Resources Common Shares of Beneficial Interest,Nyse,BCX
Belden Inc Common Stock,Nyse,BDC
Blackrock Enhanced Equity Dividend Trust,Nyse,BDJ
Brandywine Realty Trust Common Stock,Nyse,BDN
"Becton, Dickinson and Company Common Stock",Nyse,BDX
Bloom Energy Corporation Class A Common Stock,Nyse,BE
TGE Value Creative Solutions Corp Class A Ordinary Shares,Nyse,BEBE
"TGE Value Creative Solutions Corp Units, each consisting of one Class A ordinary share and one",Nyse,BEBE.U
"TGE Value Creative Solutions Corp Redeemable warrants, each whole warrant exercisable for one Class A ordinary share at an exercise price of $11.50 per share",Nyse,BEBE.W
KE Holdings Inc American Depositary Shares (each representing three Class A Ordinary Shares),Nyse,BEKE
"Franklin Resources, Inc. Common Stock",Nyse,BEN
Brookfield Renewable Partners L.P. Limited Partnership Units,Nyse,BEP
"Brookfield Renewable Partners L.P. 5.25% Class A Preferred Limited Partnership Units, Series 17",Nyse,BEP$A
Brookfield Renewable Corporation Brookfield Renewable Corporation Class A Subordinate Voting Shares,Nyse,BEPC
Brookfield BRP Holdings (Canada) Inc. 4.625% Perpetual Subordinated Notes,Nyse,BEPH
Brookfield BRP Holdings (Canada) Inc. 4.875% Perpetual Subordinated Notes,Nyse,BEPI
Brookfield BRP Holdings (Canada) Inc. 7.250% Perpetual Subordinated Notes,Nyse,BEPJ
"Beta Technologies, Inc. Class A Common Stock",Nyse,BETA
Brown Forman Inc Class A Common Stock,Nyse,BF.A
Brown Forman Inc Class B Common Stock,Nyse,BF.B
Bright Horizons Family Solutions Inc. Common Stock,Nyse,BFAM
"Bread Financial Holdings, Inc. Common Stock",Nyse,BFH
"Bread Financial Holdings, Inc. Depositary Shares, each representing a 1/40th interest in a share of 8.625% Non",Nyse,BFH$A
"Butterfly Network, Inc. Class A Common Stock",Nyse,BFLY
"Saul Centers, Inc. Common Stock",Nyse,BFS
"Saul Centers, Inc. Depositary Shares, each representing 1/100th of a share of 6.125% Series D Cumulative Redeemable Preferred Stock",Nyse,BFS$D
"Saul Centers, Inc. Depositary shares, each representing a 1/100th fractional interest in a share of 6.000% Series E Cumulative Redeemable Preferred Stock",Nyse,BFS$E
Bunge Limited Common Shares,Nyse,BG
Blackstone Strategic Credit 2027 Term Fund Common Shares of Beneficial Interest,Nyse,BGB
Barings Global Short Duration High Yield Fund Common Shares of Beneficial Interests,Nyse,BGH
BlackRock Energy and Resources Trust,Nyse,BGR
"B&G Foods, Inc. Common Stock",Nyse,BGS
"BGSF, Inc. Common Stock",Nyse,BGSF
Boyd Group Services Inc. Common Shares,Nyse,BGSI
BlackRock Floating Rate Income Trust,Nyse,BGT
Blackstone Long Short Credit Income Fund Common Shares,Nyse,BGX
Blackrock Enhanced International Dividend Trust,Nyse,BGY
Biglari Holdings Inc. Class B Common Stock,Nyse,BH
Biglari Holdings Inc. Class A Common Stock,Nyse,BH.A
Bausch Health Companies Inc. Common Stock,Nyse,BHC
"Benchmark Electronics, Inc. Common Stock",Nyse,BHE
Blackrock Core Bond Trust,Nyse,BHK
BHP Group Limited American Depositary Shares (Each representing two Ordinary Shares),Nyse,BHP
Braemar Hotels & Resorts Inc. Common Stock,Nyse,BHR
"Braemar Hotels & Resorts Inc. 5.50% Series B Cumulative Convertible Preferred Stock, par value $0.01 per share",Nyse,BHR$B
"Braemar Hotels & Resorts Inc. 8.25% Series D Cumulative Preferred Stock,  par value $0.01 per share",Nyse,BHR$D
BlackRock Virginia Municipal Bond Trust,Nyse,BHV
Biohaven Ltd. Common Shares ,Nyse,BHVN
Black Spade Acquisition III Co Class A Ordinary Shares,Nyse,BIII
"Black Spade Acquisition III Co Units, each consisting of one Class A ordinary share and one",Nyse,BIII.U
"Black Spade Acquisition III Co Redeemable warrants, each whole warrant exercisable for one Class A ordinary share at an exercise price of $11.50",Nyse,BIII.W
"BILL Holdings, Inc. Common Stock",Nyse,BILL
Bio,Nyse,BIO
Bio,Nyse,BIO.B
Brookfield Infrastructure Partners LP Limited Partnership Units,Nyse,BIP
"Brookfield Infrastructure Partners LP 5.125% Class A Preferred Limited Partnership Units, Series 13",Nyse,BIP$A
"Brookfield Infrastructure Partners LP 5.000% Class A Preferred Limited Partnership Units, Series 14",Nyse,BIP$B
Brookfield Infrastructure Corporation Brookfield Infrastructure Corporation,Nyse,BIPC
Brookfield Infrastructure Corporation 5.000% Subordinated Notes due 2081,Nyse,BIPH
BIP Bermuda Holdings I Limited 5.125% Perpetual Subordinated Notes,Nyse,BIPI
Brookfield Infrastructure Corporation 7.250% Subordinated Notes due 2084,Nyse,BIPJ
Birkenstock Holding plc Ordinary Shares,Nyse,BIRK
BlackRock Multi,Nyse,BIT
"BJ's Wholesale Club Holdings, Inc. Common Stock",Nyse,BJ
The Bank of New York Mellon Corporation Common Stock,Nyse,BK
"The Bank Of New York Mellon Corporation  Depositary Shares, each representing a 1/4,000th interest in a share of Series K Noncumulative Perpetual Preferred Stock",Nyse,BK$K
Brookdale Senior Living Inc. Common Stock,Nyse,BKD
"Buckle, Inc. (The) Common Stock",Nyse,BKE
Black Hills Corporation Common Stock,Nyse,BKH
"Bakkt, Inc. Class A Common Stock",Nyse,BKKT
"Bakkt, Inc. Warrants to purchase Class A Common Stock, each Warrant entitles a holder to purchase 1/25th of a share of Class A common stock at an exercise price of $287.50 for one share",Nyse,BKKT.W
BlackSky Technology Inc. Class A Common Stock,Nyse,BKSY
"BlackSky Technology Inc. Redeemable Warrants, each whole Warrant exercisable for one share of Class A Common Stock",Nyse,BKSY.W
BlackRock Income Trust Inc. (The),Nyse,BKT
"BankUnited, Inc. Common Stock",Nyse,BKU
BKV Corporation Common Stock,Nyse,BKV
Bausch + Lomb Corporation Common Shares,Nyse,BLCO
TopBuild Corp. Common Stock,Nyse,BLD
"Builders FirstSource, Inc. Common Stock",Nyse,BLDR
"BlackRock, Inc. Common Stock",Nyse,BLK
"Blend Labs, Inc. Class A Common Stock",Nyse,BLND
Bullish Ordinary Shares,Nyse,BLSH
Blackrock Limited Duration Income Trust,Nyse,BLW
"Banco Latinoamericano de Comercio Exterior, S.A.",Nyse,BLX
Banco Macro S.A.  ADR (representing Ten Class B Common Shares),Nyse,BMA
Blackrock Health Sciences Trust,Nyse,BME
BlackRock Health Sciences Term Trust Common Shares of Beneficial Interest,Nyse,BMEZ
"Badger Meter, Inc. Common Stock",Nyse,BMI
Bank of America Corporation Depositary Shares (Each representing a 1/1200th interest in a share of Floating Rate Non,Nyse,BML$G
Bank of America Corporation Depositary Shares (Each representing a 1/1200th interest in a Share of Floating Rate Non,Nyse,BML$H
Bank of America Corporation Depositary Shares (Each representing a 1/1200th interest in a Share of Floating Rate Non,Nyse,BML$J
Bank of America Corporation Depositary Shares (Each representing a 1/1200th Interest in a Share of Floating Rate Non,Nyse,BML$L
BlackRock 2037 Municipal Target Term Trust Common Shares of Beneficial Interest,Nyse,BMN
Bank Of Montreal Common Stock,Nyse,BMO
Bristol,Nyse,BMY
Brookfield Corporation Class A Limited Voting Shares,Nyse,BN
"Barnes & Noble Education, Inc Common Stock",Nyse,BNED
"Brookfield Finance Inc. 4.625% Subordinated Notes due October 16, 2080",Nyse,BNH
Brookfield Finance Inc. 4.50% Perpetual Subordinated Notes,Nyse,BNJ
"Broadstone Net Lease, Inc. Common Stock",Nyse,BNL
Bank Nova Scotia Halifax Pfd 3 Ordinary Shares,Nyse,BNS
Brookfield Wealth Solutions Ltd. Class A Exchangeable Limited Voting Shares,Nyse,BNT
"Bob's Discount Furniture, Inc. Common Stock",Nyse,BOBS
Boston Omaha Corporation Class A Common Stock,Nyse,BOC
Blackrock Enhanced Global Dividend Trust Common Shares of Beneficial Interest,Nyse,BOE
Bank of Hawaii Corporation Common Stock,Nyse,BOH
Bank of Hawaii Corporation Depositary Shares Each Representing a 1/40th Interest in a Share of 4.375% Fixed Rate Non,Nyse,BOH$A
"Bank of Hawaii Corporation Depositary Shares, Each Representing a 1/40th Interest in a Share of 8.000% Fixed Rate Non",Nyse,BOH$B
PIMCO Active Bond Exchange,Nyse,BOND
"Boot Barn Holdings, Inc. Common Stock",Nyse,BOOT
Borr Drilling Limited Common Shares,Nyse,BORR
Bowhead Specialty Holdings Inc. Common Stock,Nyse,BOW
"Box, Inc. Class A Common Stock",Nyse,BOX
BP p.l.c. Common Stock,Nyse,BP
Bluerock Private Real Estate Fund Common Shares of Beneficial Interest,Nyse,BPRE
"Broadridge Financial Solutions, Inc. Common Stock",Nyse,BR
"BellRing Brands, Inc. Common Stock ",Nyse,BRBR
Brady Corporation Common Stock,Nyse,BRC
BRC Inc. Class A Common Stock,Nyse,BRCC
MFS Blended Research Core Equity ETF,Nyse,BRCE
MFS Blended Research Emerging Markets Equity ETF,Nyse,BREE
MFS Blended Research International Equity ETF,Nyse,BRIE
Berkshire Hathaway Inc. Common Stock,Nyse,BRK.A
Berkshire Hathaway Inc. New Common Stock,Nyse,BRK.B
"Brown & Brown, Inc. Common Stock",Nyse,BRO
Dutch Bros Inc. Class A Common Stock,Nyse,BROS
"Brightstar Lottery PLC Trading under the Legal Name to begin at the market open on July 21, 2025. Ordinary Shares",Nyse,BRSL
"BrightSpire Capital, Inc. Class A Common Stock",Nyse,BRSP
BRT Apartments Corp. (MD) Common Stock,Nyse,BRT
Saba Capital Income & Opportunities Fund SBI,Nyse,BRW
Brixmor Property Group Inc. Common Stock,Nyse,BRX
Banco Santander ,Nyse,BSAC
"Banco Santander Brasil SA American Depositary Shares, each representing one unit",Nyse,BSBR
Blackstone Senior Floating Rate 2027 Term Fund Common Shares of Beneficial Interest,Nyse,BSL
"Black Stone Minerals, L.P. Common units representing limited partner interests",Nyse,BSM
BlackRock Science and Technology Trust Common Shares of Beneficial Interest,Nyse,BST
BlackRock Science and Technology Term Trust Common Shares of Beneficial Interest,Nyse,BSTZ
Boston Scientific Corporation Common Stock,Nyse,BSX
Baytex Energy Corp Common Shares,Nyse,BTE
"BitGo Holdings, Inc. Class A Common Stock",Nyse,BTGO
"British American Tobacco  Industries, p.l.c. Common Stock ADR",Nyse,BTI
John Hancock Financial Opportunities Fund Common Stock,Nyse,BTO
BlackRock Municipal 2030 Target Term Trust,Nyse,BTT
Peabody Energy Corporation Common Stock ,Nyse,BTU
BlackRock Technology and Private Equity Term Trust Common Shares of Beneficial Interest,Nyse,BTX
BlackRock Credit Allocation Income Trust,Nyse,BTZ
Anheuser,Nyse,BUD
"BlackRock Utility, Infrastructure & Power Opportunities Trust",Nyse,BUI
"BlackRock Utility, Infrastructure & Power Opportun Rights (expiring April 2, 2026) Rights when issued",Nyse,BUI.V
Burford Capital Limited Ordinary Shares,Nyse,BUR
"Burlington Stores, Inc. Common Stock",Nyse,BURL
Strive Enhanced Income Short Maturity ETF,Nyse,BUXX
"BrightView Holdings, Inc. Common Stock",Nyse,BV
Buenaventura Mining Company Inc.,Nyse,BVN
"Babcock & Wilcox Enterprises, Inc. Common Stock",Nyse,BW
"Babcock & Wilcox Enterprises, Inc. 7.75% Series A Cumulative Perpetual Preferred Stock",Nyse,BW$A
BorgWarner Inc. Common Stock,Nyse,BWA
BrandywineGLOBAL Global Income Opportunities Fund Inc.,Nyse,BWG
BW LPG Limited Common Shares,Nyse,BWLP
"Betterware de Mexico, S.A.P.I. de C.V. Ordinary Shares",Nyse,BWMX
"Babcock & Wilcox Enterprises, Inc. 6.50% Senior Notes due 2026",Nyse,BWNB
"BWX Technologies, Inc. Common Stock",Nyse,BWXT
Blackstone Inc. Common Stock,Nyse,BX
Bluelinx Holdings Inc. Common Stock,Nyse,BXC
"Blackstone Mortgage Trust, Inc. Common Stock",Nyse,BXMT
Nuveen S&P 500 Buy,Nyse,BXMX
"BXP, Inc. Common Stock",Nyse,BXP
Blackstone Secured Lending Fund Common Shares of Beneficial Interest,Nyse,BXSL
"Byline Bancorp, Inc. Common Stock",Nyse,BY
Boyd Gaming Corporation Common Stock,Nyse,BYD
"Beazer Homes USA, Inc. Common Stock",Nyse,BZH
"Citigroup, Inc. Common Stock",Nyse,C
Citigroup Capital XIII 7.875% Fixed rate Floating Rate trust Preferred Securities (TruPS),Nyse,C$N
"Citigroup Inc. Depositary Shares, Each Representing a 1/1,000th Interest in a Share of 6.250% Noncumulative Preferred Stock, Series II",Nyse,C$R
Corporacion America Airports SA Common Shares,Nyse,CAAP
"Cable One, Inc. Common Stock",Nyse,CABO
"CACI International, Inc. Class A Common Stock",Nyse,CACI
CAE Inc. Ordinary Shares,Nyse,CAE
Morgan Stanley China A Share Fund Inc. Common Stock,Nyse,CAF
"ConAgra Brands, Inc. Common Stock",Nyse,CAG
"Cardinal Health, Inc. Common Stock",Nyse,CAH
"Caleres, Inc. Common Stock",Nyse,CAL
"Calix, Inc Common Stock",Nyse,CALX
Callaway Golf Company Common Stock,Nyse,CALY
Cango Inc. Class A Ordinary Shares,Nyse,CANG
CrossAmerica Partners LP Common Units representing limited partner interests,Nyse,CAPL
Carrier Global Corporation Common Stock ,Nyse,CARR
Cars.com Inc. Common Stock ,Nyse,CARS
"Caterpillar, Inc. Common Stock",Nyse,CAT
Cato Corporation (The) Class A Common Stock,Nyse,CATO
"CAVA Group, Inc. Common Stock",Nyse,CAVA
Chubb Limited  Common Stock,Nyse,CB
"Colony Bankcorp, Inc. Common Stock",Nyse,CBAN
"CBL & Associates Properties, Inc. Common Stock",Nyse,CBL
"Chain Bridge Bancorp, Inc. Class A Common Stock",Nyse,CBNA
CBRE Group Inc Common Stock Class A,Nyse,CBRE
Cabot Corporation Common Stock,Nyse,CBT
"Community Financial System, Inc. Common Stock",Nyse,CBU
"CBIZ, Inc. Common Stock",Nyse,CBZ
Chemours Company (The) Common Stock,Nyse,CC
Crown Castle Inc. Common Stock,Nyse,CCI
Carlyle Credit Income Fund 7.375% Series D Term Preferred Shares due 2028,Nyse,CCID
Carlyle Credit Income Fund Shares of Beneficial Interest,Nyse,CCIF
Cameco Corporation Common Stock,Nyse,CCJ
"Crown Holdings, Inc.",Nyse,CCK
Carnival Corporation Common Stock,Nyse,CCL
Concord Medical Services Holdings Limited American Depositary Shares (Each represents thirty (30) Class A ordinary shares),Nyse,CCM
"Clear Channel Outdoor Holdings, Inc. Common Stock",Nyse,CCO
"Century Communities, Inc. Common Stock",Nyse,CCS
"Compania Cervecerias Unidas, S.A. Common Stock",Nyse,CCU
Comcast Holdings ZONES,Nyse,CCZ
"Coeur Mining, Inc. Common Stock",Nyse,CDE
Cadeler A/S American Depositary Share (each representing four (4) Ordinary Shares),Nyse,CDLR
COPT Defense Properties Common Shares of Beneficial Interest,Nyse,CDP
"Cedar Realty Trust, Inc. 7.25% Series B Cumulative Redeemable Preferred Stock",Nyse,CDR$B
"Cedar Realty Trust, Inc. 6.50% Series C Cumulative Redeemable Preferred Stock",Nyse,CDR$C
"Cadre Holdings, Inc. Common Stock",Nyse,CDRE
Celanese Corporation Common Stock,Nyse,CE
"The Central and Eastern Europe Fund, Inc. (The) Common Stock",Nyse,CEE
Bristol,Nyse,CELG.R
Central Puerto S.A. American Depositary Shares (each represents ten Common Shares),Nyse,CEPU
"CF Industries Holdings, Inc. Common Stock",Nyse,CF
"Citizens Financial Group, Inc. Common Stock",Nyse,CFG
"Citizens Financial Group, Inc. Depositary Shares Each Representing 1/40th Interest in a Share of 5.000% Fixed",Nyse,CFG$E
"Citizens Financial Group, Inc. Depositary Shares Each Representing a 1/40th Interest in a Share of 7.375% Fixed",Nyse,CFG$H
"Citizens Financial Group, Inc. Depositary Shares, Each Representing a 1/40th Interest in a Share of 6.500% Fixed",Nyse,CFG$I
C1 Fund Inc. Common Stock,Nyse,CFND
"Cullen/Frost Bankers, Inc. Common Stock",Nyse,CFR
"Cullen/Frost Bankers, Inc. Depositary Shares, each representing a 1/40th ownership interest in a share of 4.450% non",Nyse,CFR$B
Centerra Gold Inc. Common Shares,Nyse,CGAU
Conductor Global Equity Value ETF,Nyse,CGV
Community Healthcare Trust Incorporated Common Stock,Nyse,CHCT
"Church & Dwight Company, Inc. Common Stock",Nyse,CHD
Chemed Corp,Nyse,CHE
"Chegg, Inc. Common Stock",Nyse,CHGG
"Choice Hotels International, Inc. Common Stock",Nyse,CHH
Cherry Hill Mortgage Investment Corporation Common Stock,Nyse,CHMI
Cherry Hill Mortgage Investment Corporation 8.20% Series A Cumulative Redeemable Preferred Stock,Nyse,CHMI$A
Cherry Hill Mortgage Investment Corporation 8.250% Series B Fixed,Nyse,CHMI$B
"ChargePoint Holdings, Inc. Common Stock",Nyse,CHPT
"Chunghwa Telecom Co., Ltd.",Nyse,CHT
"Chewy, Inc. Class A Common Stock",Nyse,CHWY
The Cigna Group Common Stock,Nyse,CI
"Citizens, Inc. Class A Common Stock ($1.00 Par)",Nyse,CIA
Grupo Cibest S.A. American Depositary Shares each representing four Preferred Shares,Nyse,CIB
CION Investment Corporation 7.50% Notes due 2029,Nyse,CICB
CION Investment Corporation 7.50% Notes due 2031,Nyse,CICC
Ciena Corporation Common Stock,Nyse,CIEN
MFS Intermediate High Income Fund Common Stock,Nyse,CIF
Comp En De Mn Cemig ADS American Depositary Shares,Nyse,CIG
Comp En De Mn Cemig ADS American Depositary Receipts,Nyse,CIG.C
"BlackRock Enhanced Large Cap Core Fund, Inc. Common Stock",Nyse,CII
Chimera Investment Corporation Common Stock,Nyse,CIM
Chimera Investment Corporation 8.00% Series A Cumulative Redeemable Preferred Stock,Nyse,CIM$A
Chimera Investment Corporation 8.00% Series B Fixed,Nyse,CIM$B
Chimera Investment Corporation 7.75% Series C Fixed,Nyse,CIM$C
Chimera Investment Corporation 8.00% Series D Fixed,Nyse,CIM$D
Chimera Investment Corporation 9.000% Senior Notes due 2029,Nyse,CIMN
Chimera Investment Corporation 9.250% Senior Notes due 2029,Nyse,CIMO
Chimera Investment Corporation 8.875% Senior Notes due 2030,Nyse,CIMP
CI&T Inc Class A Common Shares,Nyse,CINT
CION Investment Corporation Common Stock,Nyse,CION
Colgate,Nyse,CL
Core Laboratories Inc. Common Stock,Nyse,CLB
"Colombier Acquisition Corp. III Units, each consisting of one Class A ordinary share and one",Nyse,CLBR.U
Chatham Lodging Trust (REIT) Common Shares of Beneficial Interest,Nyse,CLDT
Chatham Lodging Trust (REIT) 6.625% Series A Cumulative Redeemable Preferred Shares of Beneficial Interest,Nyse,CLDT$A
Cleveland,Nyse,CLF
"Clean Harbors, Inc. Common Stock",Nyse,CLH
Clipper Realty Inc. Common Stock,Nyse,CLPR
"Celestica, Inc. Common Stock",Nyse,CLS
Clarivate Plc Ordinary Shares,Nyse,CLVT
Clearwater Paper Corporation Common Stock,Nyse,CLW
Clorox Company (The) Common Stock,Nyse,CLX
Canadian Imperial Bank of Commerce Common Stock,Nyse,CM
CMB.TECH NV Ordinary Shares,Nyse,CMBT
Commercial Metals Company Common Stock,Nyse,CMC
"Cheetah Mobile Inc. American Depositary Shares, each representing fifty (50) Class A Ordinary Shares",Nyse,CMCM
Costamare Bulkers Holdings Limited Common Stock,Nyse,CMDB
"Chipotle Mexican Grill, Inc. Common Stock",Nyse,CMG
Cummins Inc. Common Stock,Nyse,CMI
Compass Minerals Intl Inc Common Stock,Nyse,CMP
Costamare Inc. Common Stock $0.0001 par value,Nyse,CMRE
Costamare Inc. Perpetual Preferred Stock Series B (Marshall Islands),Nyse,CMRE$B
Costamare Inc. Perpetual Preferred Series C (Marshall Islands),Nyse,CMRE$C
Costamare Inc. 8.75% Series D Cumulative Redeemable Perpetual Preferred Stock,Nyse,CMRE$D
CMS Energy Corporation Common Stock,Nyse,CMS
CMS Energy Corporation Preferred Stock,Nyse,CMS$B
"CMS Energy Corporation Depositary Shares, each representing a 1/1,000th interest in a share of 4.200% Cumulative Redeemable Perpetual Preferred Stock, Series C",Nyse,CMS$C
CMS Energy Corporation 5.625% Junior Subordinated Notes due 2078,Nyse,CMSA
CMS Energy Corporation 5.875% Junior Subordinated Notes due 2078,Nyse,CMSC
CMS Energy Corporation 5.875% Junior Subordinated Notes due 2079,Nyse,CMSD
"Claros Mortgage Trust, Inc. Common Stock",Nyse,CMTG
MFS Municipal Income Trust Common Stock,Nyse,CMU
CNA Financial Corporation Common Stock,Nyse,CNA
Centene Corporation Common Stock,Nyse,CNC
"CNFinance Holdings Limited American Depositary Shares, each representing two hundred (200) Ordinary Shares",Nyse,CNF
CNH Industrial N.V. Common Shares,Nyse,CNH
Canadian National Railway Company Common Stock,Nyse,CNI
"Cinemark Holdings Inc Cinemark Holdings, Inc. Common Stock",Nyse,CNK
"Core & Main, Inc. Class A Common Stock",Nyse,CNM
CONMED Corporation Common Stock,Nyse,CNMD
"Cannae Holdings, Inc. Common Stock",Nyse,CNNE
"CNO Financial Group, Inc. Common Stock",Nyse,CNO
"CNO Financial Group, Inc. 5.125% Subordinated Debentures due 2060",Nyse,CNO$A
"CenterPoint Energy, Inc (Holding Co) Common Stock",Nyse,CNP
Canadian Natural Resources Limited Common Stock,Nyse,CNQ
"Core Natural Resources, Inc. Common Stock",Nyse,CNR
Cohen & Steers Inc Common Stock,Nyse,CNS
CNX Resources Corporation Common Stock,Nyse,CNX
D/B/A Compass Diversified Holdings Shares of Beneficial Interest,Nyse,CODI
Compass Diversified Holdings 7.250% Series A Preferred Shares representing beneficial interest in Compass Diversified Holdings,Nyse,CODI$A
Compass Diversified Holdings 7.875% Series B Fixed,Nyse,CODI$B
Compass Diversified Holdings 7.875% Series C Cumulative Preferred Shares,Nyse,CODI$C
Capital One Financial Corporation Common Stock,Nyse,COF
Capital One Financial Corporation Depositary shares each representing a 1/40th interest in a share of Fixed Rate Non,Nyse,COF$I
"Capital One Financial Corporation Depositary Shares, Each Representing a 1/40th Interest in a Share of Fixed Rate Non",Nyse,COF$J
"Capital One Financial Corporation Depositary Shares, Each Representing a 1/40th Ownership Interest in a Share of Fixed Rate Non",Nyse,COF$K
"Capital One Financial Corporation Depositary Shares, Each Representing a 1/40th Interest in a Share of Fixed Rate Non",Nyse,COF$L
"Capital One Financial Corporation Depositary Shares, Each Representing a 1/40th Ownership Interest in a Share of Fixed Rate Non",Nyse,COF$N
Coherent Corp. Common Stock,Nyse,COHR
"Americold Realty Trust, Inc. Common Stock",Nyse,COLD
"Compass, Inc. Class A Common Stock",Nyse,COMP
"Concentra Group Holdings Parent, Inc. Common Stock",Nyse,CON
"Traeger, Inc. Common Stock",Nyse,COOK
ConocoPhillips Common Stock,Nyse,COP
Copley Acquisition Corp Ordinary Shares,Nyse,COPL
"Copley Acquisition Corp Units, each consisting of one ordinary share and one",Nyse,COPL.U
"Copley Acquisition Corp Redeemable warrants, each whole warrant exercisable for one Class A ordinary share at an exercise price of $11.50",Nyse,COPL.W
"Cencora, Inc. Common Stock",Nyse,COR
"CoastalSouth Bancshares, Inc. Common Stock",Nyse,COSO
Coty Inc. Class A Common Stock,Nyse,COTY
"Coursera, Inc. Common Stock",Nyse,COUR
Canadian Pacific Kansas City Limited Common Shares,Nyse,CP
"Copa Holdings, S.A. Class A Common Stock",Nyse,CPA
Cementos Pacasmayo S.A.A. American Depositary Shares (Each representing five Common Shares),Nyse,CPAC
Counterpoint Quantitative Equity ETF,Nyse,CPAI
"Corpay, Inc. Common Stock",Nyse,CPAY
Central Pacific Financial Corp New,Nyse,CPF
Chesapeake Utilities Corporation Common Stock,Nyse,CPK
"Coupang, Inc. Class A Common Stock",Nyse,CPNG
Capri Holdings Limited Ordinary Shares,Nyse,CPRI
Cooper,Nyse,CPS
Camden Property Trust Common Stock,Nyse,CPT
"Cheniere Energy Partners, LP Common Units",Nyse,CQP
Crane Company Common Stock,Nyse,CR
Corebridge Financial Inc. 6.375% Junior Subordinated Notes due 2064,Nyse,CRBD
Corebridge Financial Inc. Common Stock,Nyse,CRBG
California Resources Corporation Common Stock,Nyse,CRC
"Circle Internet Group, Inc. Class A Common Stock",Nyse,CRCL
Crawford & Company Common Stock,Nyse,CRD.A
Crawford & Company Common Stock,Nyse,CRD.B
Crescent Energy Company Class A Common Stock,Nyse,CRGY
CRH PLC Ordinary Shares,Nyse,CRH
"Carter's, Inc. Common Stock",Nyse,CRI
"Comstock Resources, Inc. Common Stock",Nyse,CRK
"Charles River Laboratories International, Inc. Common Stock",Nyse,CRL
"Salesforce, Inc. Common Stock",Nyse,CRM
Carpenter Technology Corporation Common Stock,Nyse,CRS
Cross Timbers Royalty Trust Common Stock,Nyse,CRT
Cosan S.A. ADS,Nyse,CSAN
Carlisle Companies Incorporated Common Stock,Nyse,CSL
D/B/A Centerspace Common Stock,Nyse,CSR
Constellium SE Ordinary Shares (France),Nyse,CSTM
"Carriage Services, Inc. Common Stock",Nyse,CSV
"CSW Industrials, Inc. Common Stock",Nyse,CSW
"EIDP, Inc. Preferred Stock $3.50 Series",Nyse,CTA$A
"EIDP, Inc. Preferred Stock $4.50 Series",Nyse,CTA$B
Qwest Corporation 6.5% Notes due 2056,Nyse,CTBB
Qwest Corporation 6.75% Notes due 2057,Nyse,CTDD
Claritev Corporation Class A Common Stock,Nyse,CTEV
"CTO Realty Growth, Inc. Common Stock",Nyse,CTO
"CTO Realty Growth, Inc. 6.375% Series A Cumulative Redeemable Preferred Stock",Nyse,CTO$A
"Custom Truck One Source, Inc. Common Stock",Nyse,CTOS
Coterra Energy Inc. Common Stock,Nyse,CTRA
"CareTrust REIT, Inc. Common Stock",Nyse,CTRE
"Centuri Holdings, Inc. Common Stock",Nyse,CTRI
CTS Corporation Common Stock,Nyse,CTS
"Corteva, Inc. Common Stock ",Nyse,CTVA
"Customers Bancorp, Inc 5.375% Subordinated Notes Due 2034",Nyse,CUBB
CubeSmart Common Shares,Nyse,CUBE
"Customers Bancorp, Inc Common Stock",Nyse,CUBI
Carnival Plc ADS ADS,Nyse,CUK
Curbline Properties Corp. Common Stock,Nyse,CURB
Torrid Holdings Inc. Common Stock,Nyse,CURV
Cousins Properties Incorporated Common Stock,Nyse,CUZ
Cenovus Energy Inc Common Stock,Nyse,CVE
Civeo Corporation (Canada) Common Shares,Nyse,CVEO
CVR Energy Inc. Common Stock,Nyse,CVI
"Covenant Logistics Group, Inc. Class A Common Stock",Nyse,CVLG
Carvana Co. Class A Common Stock,Nyse,CVNA
CVS Health Corporation Common Stock,Nyse,CVS
Covista Inc. Common Shares,Nyse,CVSA
Chevron Corporation Common Stock,Nyse,CVX
Curtiss,Nyse,CW
"Clearwater Analytics Holdings, Inc. Class A Common Stock",Nyse,CWAN
"Clearway Energy, Inc. Class C Common Stock",Nyse,CWEN
"Clearway Energy, Inc. Class A Common Stock",Nyse,CWEN.A
"Camping World Holdings, Inc. Class A Common Stock",Nyse,CWH
Cushman & Wakefield Ltd. Common Shares,Nyse,CWK
California Water Service Group Common Stock,Nyse,CWT
"Cemex, S.A.B. de C.V. Sponsored ADR",Nyse,CX
MFS High Income Municipal Trust Common Stock,Nyse,CXE
MFS Investment Grade Municipal Trust Common Stock,Nyse,CXH
"Sprinklr, Inc. Class A Common Stock",Nyse,CXM
"Crane NXT, Co. Common Stock",Nyse,CXT
"CoreCivic, Inc. Common Stock",Nyse,CXW
China Yuchai International Limited Common Stock,Nyse,CYD
"Community Health Systems, Inc. Common Stock",Nyse,CYH
"Dominion Energy, Inc. Common Stock",Nyse,D
Danaos Corporation Common Stock,Nyse,DAC
"Delta Air Lines, Inc. Common Stock",Nyse,DAL
Dana Incorporated Common Stock ,Nyse,DAN
"Youdao, Inc. American Depositary Shares, each representing one Class A Ordinary Share",Nyse,DAO
Darling Ingredients Inc. Common Stock,Nyse,DAR
Endava plc American Depositary Shares (each representing one Class A Ordinary Share),Nyse,DAVA
Deutsche Bank AG Common Stock,Nyse,DB
Diebold Nixdorf Incorporated Common stock,Nyse,DBD
Designer Brands Inc. Class A Common Stock,Nyse,DBI
DoubleLine Opportunistic Credit Fund Common Shares of Beneficial Interest,Nyse,DBL
"DigitalBridge Group, Inc.",Nyse,DBRG
"DigitalBridge Group, Inc. 7.125% Series H ",Nyse,DBRG$H
"DigitalBridge Group, Inc. 7.15% Series I ",Nyse,DBRG$I
"DigitalBridge Group, Inc. 7.125% Series J ",Nyse,DBRG$J
Dauch Corporation Common Stock,Nyse,DCH
"Donaldson Company, Inc. Common Stock",Nyse,DCI
Ducommun Incorporated Common Stock,Nyse,DCO
"DuPont de Nemours, Inc. Common Stock",Nyse,DD
3D Systems Corporation Common Stock,Nyse,DDD
Dingdong (Cayman) Limited American Depositary Shares (each two representing three Ordinary Shares),Nyse,DDL
"Dillard's, Inc. Common Stock",Nyse,DDS
Dillard's Capital Trust I,Nyse,DDT
Deere & Company Common Stock,Nyse,DE
"Easterly Government Properties, Inc. Common Stock",Nyse,DEA
Diversified Energy Company Common Stock,Nyse,DEC
Deckers Outdoor Corporation Common Stock,Nyse,DECK
"Douglas Emmett, Inc. Common Stock",Nyse,DEI
Dell Technologies Inc. Class C Common Stock ,Nyse,DELL
Diageo plc Common Stock,Nyse,DEO
"Dream Finders Homes, Inc. Class A Common Stock",Nyse,DFH
"Donnelley Financial Solutions, Inc. Common Stock ",Nyse,DFIN
Flaherty & Crumrine Dynamic Preferred and Income Fund Inc. Common Stock,Nyse,DFP
Dollar General Corporation Common Stock,Nyse,DG
Quest Diagnostics Incorporated Common Stock,Nyse,DGX
BNY Mellon High Yield Strategies Fund Common Stock,Nyse,DHF
"D.R. Horton, Inc. Common Stock",Nyse,DHI
Danaher Corporation Common Stock,Nyse,DHR
"DHT Holdings, Inc.",Nyse,DHT
"DHI Group, Inc. Common Stock",Nyse,DHX
Nuveen Dow 30SM Dynamic Overwrite Fund Common Shares of Beneficial Interest,Nyse,DIAX
"Dine Brands Global, Inc. Common Stock",Nyse,DIN
HF Sinclair Corporation Common Stock,Nyse,DINO
Walt Disney Company (The) Common Stock,Nyse,DIS
Sound Equity Dividend Income ETF,Nyse,DIVY
"Delek US Holdings, Inc. Common Stock",Nyse,DK
"Delek Logistics Partners, L.P. Common Units representing Limited Partner Interests",Nyse,DKL
Dick's Sporting Goods Inc Common Stock,Nyse,DKS
Dolby Laboratories Common Stock,Nyse,DLB
Dynagas LNG Partners LP Common Units,Nyse,DLNG
Dynagas LNG Partners LP 9.00% Series A Cumulative Redeemable Preferred Units,Nyse,DLNG$A
"Digital Realty Trust, Inc. Common Stock",Nyse,DLR
"Digital Realty Trust, Inc. 5.250% Series J Cumulative Redeemable Preferred Stock",Nyse,DLR$J
"Digital Realty Trust, Inc. 5.850% Series K Cumulative Redeemable Preferred Stock, par value $0.01 per share",Nyse,DLR$K
"Digital Realty Trust, Inc. 5.200% Series L Cumulative Redeemable Preferred Stock",Nyse,DLR$L
Deluxe Corporation Common Stock,Nyse,DLX
DoubleLine Yield Opportunities Fund Common Shares of Beneficial Interest,Nyse,DLY
Destra Multi,Nyse,DMA
"BNY Mellon Municipal Bond Infrastructure Fund, Inc. Common Stock",Nyse,DMB
Western Asset Mortgage Opportunity Fund Inc. Common Stock,Nyse,DMO
"Ginkgo Bioworks Holdings, Inc. Class A Common Stock",Nyse,DNA
DNOW Inc. Common Stock,Nyse,DNOW
"DNP Select Income Fund, Inc. Common Stock",Nyse,DNP
"Healthpeak Properties, Inc. Common Stock",Nyse,DOC
"DigitalOcean Holdings, Inc. Common Stock",Nyse,DOCN
"Doximity, Inc. Class A Common Stock",Nyse,DOCS
Dole plc Ordinary Shares,Nyse,DOLE
Douglas Elliman Inc. Common Stock,Nyse,DOUG
Dover Corporation Common Stock,Nyse,DOV
Dow Inc. Common Stock ,Nyse,DOW
Duff & Phelps Utility and Infrastructure Fund Inc.,Nyse,DPG
"DAQO New Energy Corp. American Depositary Shares, each representing five ordinary shares",Nyse,DQ
DRDGOLD Limited American Depositary Shares,Nyse,DRD
"Darden Restaurants, Inc. Common Stock",Nyse,DRI
Strive U.S. Energy ETF,Nyse,DRLL
DoubleLine Income Solutions Fund Common Shares of Beneficial Interests,Nyse,DSL
"BNY Mellon Strategic Municipal Bond Fund, Inc. Common Stock",Nyse,DSM
Distillate Small/Mid Cash Flow ETF,Nyse,DSMC
Distillate International Fundamental Stability & Value ETF,Nyse,DSTX
"Blackrock Debt Strategies Fund, Inc. Common Stock",Nyse,DSU
Diana Shipping inc. common stock,Nyse,DSX
Diana Shipping Inc. Perpetual Preferred Shares Series B (Marshall Islands),Nyse,DSX$B
Diana Shipping inc. Warrants,Nyse,DSX.W
"Dynatrace, Inc. Common Stock",Nyse,DT
DTE Energy Company 2020 Series G 4.375% Junior Subordinated Debentures due 2080,Nyse,DTB
DTE Energy Company Common Stock,Nyse,DTE
DTF Tax,Nyse,DTF
DTE Energy Company 2021 Series E 4.375% Junior Subordinated Debentures,Nyse,DTG
DTE Energy Company 2025 Series H 6.25% Junior Subordinated Debentures due 2085,Nyse,DTK
"DT Midstream, Inc. Common Stock ",Nyse,DTM
DTE Energy Company 2017 Series E 5.25% Junior Subordinated Debentures due 2077,Nyse,DTW
Duke Energy Corporation (Holding Company) Common Stock,Nyse,DUK
"Duke Energy Corporation Depositary Shares, each representing a 1/1,000th interest in a share of 5.75% Series A Cumulative Redeemable Perpetual Preferred Stock",Nyse,DUK$A
Duke Energy Corporation 5.625% Junior Subordinated Debentures due 2078,Nyse,DUKB
"DoubleVerify Holdings, Inc. Common Stock",Nyse,DV
DaVita Inc. Common Stock,Nyse,DVA
Devon Energy Corporation Common Stock,Nyse,DVN
"Dynex Capital, Inc. Common Stock",Nyse,DX
"Dynex Capital, Inc. 6.900% Series C Fixed",Nyse,DX$C
DXC Technology Company Common Stock ,Nyse,DXC
Destiny Tech100 Inc. Common Stock,Nyse,DXYZ
"Dycom Industries, Inc. Common Stock",Nyse,DY
ENI S.p.A. Common Stock,Nyse,E
GrafTech International Ltd. Common Stock,Nyse,EAF
"Entergy Arkansas, LLC First Mortgage Bonds, 4.875% Series Due September 1, 2066",Nyse,EAI
Ellington Credit Company Common Shares of Beneficial Interest,Nyse,EARN
"Brinker International, Inc. Common Stock",Nyse,EAT
"Ennis, Inc. Common Stock",Nyse,EBF
Emergent BioSolutions Inc. Common Stock,Nyse,EBS
Ecopetrol S.A. American Depositary Shares,Nyse,EC
BlackRock ESG Capital Allocation Term Trust Common Shares of Beneficial Interest,Nyse,ECAT
Eagle Point Credit Company Inc. Common Stock,Nyse,ECC
Eagle Point Credit Company Inc. 6.75% Series D Preferred Stock,Nyse,ECC$D
Eagle Point Credit Company Inc. 6.50% Series C Term Preferred Stock due 2031,Nyse,ECCC
Eagle Point Credit Company Inc. 7.75% Notes due 2030,Nyse,ECCU
Eagle Point Credit Company Inc. 5.375% Notes due 2029,Nyse,ECCV
Eagle Point Credit Company Inc. 6.75% Notes due 2031,Nyse,ECCW
Eagle Point Credit Company Inc. 6.6875% Notes due 2028,Nyse,ECCX
"Everus Construction Group, Inc. Common Stock",Nyse,ECG
Ecolab Inc. Common Stock,Nyse,ECL
Okeanis Eco Tankers Corp. Common Stock,Nyse,ECO
Ecovyst Inc. Common Stock,Nyse,ECVT
"Consolidated Edison, Inc. Common Stock",Nyse,ED
"Morgan Stanley Emerging Markets Domestic Debt Fund, Inc. Common Stock",Nyse,EDD
Virtus Stone Harbor Emerging Markets Income Fund Common Shares of Beneficial Interest,Nyse,EDF
Empresa Distribuidora Y Comercializadora Norte S.A. (Edenor) American Depositary Shares,Nyse,EDN
"New Oriental Education & Technology Group, Inc. Sponsored ADR representing 10 Ordinary Share (Cayman Islands)",Nyse,EDU
"Excelerate Energy, Inc. Class A Common Stock",Nyse,EE
"The European Equity Fund, Inc. Common Stock",Nyse,EEA
"Emerald Holding, Inc. Common Stock",Nyse,EEX
Ellington Financial Inc. Common Stock ,Nyse,EFC
Ellington Financial Inc. 6.250% Series B Fixed,Nyse,EFC$B
Ellington Financial Inc. 8.625% Series C Fixed,Nyse,EFC$C
Ellington Financial Inc. 7.00% Series D Cumulative Perpetual Redeemable Preferred Stock,Nyse,EFC$D
Eaton Vance Senior Floating,Nyse,EFR
Eaton Vance Floating Rate Income Trust Common Shares of Beneficial Interest,Nyse,EFT
"Equifax, Inc. Common Stock",Nyse,EFX
Enerflex Ltd Common Shares,Nyse,EFXT
"Everest Group, Ltd. Common Stock",Nyse,EG
Eldorado Gold Corporation Ordinary Shares,Nyse,EGO
"EastGroup Properties, Inc. Common Stock",Nyse,EGP
"VAALCO Energy, Inc.  Common Stock",Nyse,EGY
"Enhabit, Inc. Common Stock",Nyse,EHAB
Encompass Health Corporation Common Stock,Nyse,EHC
Western Asset Global High Income Fund Inc Common Stock,Nyse,EHI
Eagle Point Income Company Inc. Common Stock,Nyse,EIC
Eagle Point Income Company Inc. 5.00% Series A Term Preferred Stock due 2026,Nyse,EICA
Eagle Point Income Company Inc. 8.00% Series C Term Preferred Stock due 2029,Nyse,EICC
Employers Holdings Inc Common Stock,Nyse,EIG
Eagle Point Institutional Income Fund 8.125% Series A Term Preferred Shares Due 2029,Nyse,EIIA
Edison International Common Stock,Nyse,EIX
"Estee Lauder Companies, Inc. (The) Common Stock",Nyse,EL
Elanco Animal Health Incorporated Common Stock,Nyse,ELAN
"Entergy Louisiana, Inc. Collateral Trust Mortgage Bonds, 4.875 % Series due September 1, 2066",Nyse,ELC
"e.l.f. Beauty, Inc. Common Stock",Nyse,ELF
Elme Communities Common Stock,Nyse,ELME
Companhia Paranaense de Energia (COPEL) American Depositary Shares (each representing four (4) Common Shares),Nyse,ELPC
"Equity Lifestyle Properties, Inc. Common Stock",Nyse,ELS
"Elevance Health, Inc. Common Stock",Nyse,ELV
Emera Incorporated Common Shares,Nyse,EMA
Embraer S.A. Common Stock,Nyse,EMBJ
Western Asset Emerging Markets Debt Fund Inc Common Stock,Nyse,EMD
"EMCOR Group, Inc. Common Stock",Nyse,EME
Templeton Emerging Markets Fund Common Stock,Nyse,EMF
Eastman Chemical Company Common Stock,Nyse,EMN
ClearBridge Energy Midstream Opportunity Fund Inc. Common Stock,Nyse,EMO
"Entergy Mississippi, LLC First Mortgage Bonds, 4.90% Series Due October 1, 2066",Nyse,EMP
Emerson Electric Company Common Stock,Nyse,EMR
Enbridge Inc Common Stock,Nyse,ENB
Enel Chile S.A. American Depositary Shares (Each representing 50 shares of Common Stock),Nyse,ENIC
"Entergy New Orleans, LLC First Mortgage Bonds, 5.0% Series due December 1, 2052",Nyse,ENJ
"Entergy New Orleans, LLC First Mortgage Bonds, 5.50% Series due April 1, 2066",Nyse,ENO
Enovis Corporation Common Stock,Nyse,ENOV
"Energizer Holdings, Inc. Common Stock",Nyse,ENR
EnerSys Common Stock,Nyse,ENS
"Enova International, Inc. Common Stock",Nyse,ENVA
Allspring Global Dividend Opportunity Fund Common Shares of Beneficial Interest,Nyse,EOD
"EOG Resources, Inc. Common Stock",Nyse,EOG
Eaton Vance Enhance Equity Income Fund Eaton Vance Enhanced Equity Income Fund Shares of Beneficial Interest,Nyse,EOI
Eaton Vance Enhance Equity Income Fund II Common Stock,Nyse,EOS
Eaton Vance Municipal Income Trust EATON VANCE NATIONAL MUNICIPAL OPPORTUNITIES TRUST,Nyse,EOT
El Paso Corporation Preferred Stock,Nyse,EP$C
Enerpac Tool Group Corp. Common Stock,Nyse,EPAC
"EPAM Systems, Inc. Common Stock",Nyse,EPAM
Edgewell Personal Care Company Common Stock,Nyse,EPC
Enterprise Products Partners L.P. Common Stock,Nyse,EPD
EPR Properties Common Stock,Nyse,EPR
EPR Properties 5.75% Series C Cumulative Convertible Preferred Shares,Nyse,EPR$C
EPR Properties Series E Cumulative Conv Pfd Shs Ser E,Nyse,EPR$E
EPR Properties 5.750% Series G Cumulative Redeemable Preferred Shares,Nyse,EPR$G
"Essential Properties Realty Trust, Inc. Common Stock",Nyse,EPRT
"Equity Bancshares, Inc. Class A Common Stock",Nyse,EQBK
"Equitable Holdings, Inc. Common Stock",Nyse,EQH
"Equitable Holdings, Inc. Depositary Shares",Nyse,EQH$A
"Equitable Holdings, Inc. Depositary Shares, each representing a 1/1,000th interest in a share of Fixed Rate Noncumulative Perpetual Preferred Stock, Series C",Nyse,EQH$C
Equinor ASA,Nyse,EQNR
Equity Residential Common Shares of Beneficial Interest,Nyse,EQR
"Equus Total Return, Inc. Common Stock",Nyse,EQS
EQT Corporation Common Stock,Nyse,EQT
Ero Copper Corp. Common Shares,Nyse,ERO
Eversource Energy (D/B/A) Common Stock,Nyse,ES
ESAB Corporation Common Stock,Nyse,ESAB
ESCO Technologies Inc. Common Stock,Nyse,ESE
Element Solutions Inc. Common Stock,Nyse,ESI
Essent Group Ltd. Common Shares,Nyse,ESNT
"Empire State Realty Trust, Inc. Class A Common Stock",Nyse,ESRT
"Essex Property Trust, Inc. Common Stock",Nyse,ESS
Elastic N.V. Ordinary Shares,Nyse,ESTC
Energy Transfer LP Common Units ,Nyse,ET
Energy Transfer L.P. Series I Fixed Rate Perpetual Preferred Units,Nyse,ET$I
Eaton Vance Tax,Nyse,ETB
Ethan Allen Interiors Inc. Common Stock,Nyse,ETD
Eaton Vance Tax,Nyse,ETG
"Entergy Texas Inc 5.375% Series A Preferred Stock, Cumulative, No Par Value",Nyse,ETI$
Eaton Vance Risk,Nyse,ETJ
"Eaton Corporation, PLC Ordinary Shares",Nyse,ETN
Eaton Vance Tax,Nyse,ETO
Entergy Corporation Common Stock,Nyse,ETR
"Etsy, Inc. Common Stock",Nyse,ETSY
Eaton Vance Corporation Eaton Vance Tax,Nyse,ETV
Eaton Vance Corporation Eaton Vance Tax,Nyse,ETW
Eaton Vance Municipal Income 2028 Term Trust Common Shares of Beneficial Interest,Nyse,ETX
Eaton Vance Tax,Nyse,ETY
EQV Ventures Acquisition Corp. II Class A Ordinary Shares,Nyse,EVAC
"EQV Ventures Acquisition Corp. II Units, each unit consists of one Class A ordinary share and one",Nyse,EVAC.U
"EQV Ventures Acquisition Corp. II Redeemable Warrants, each whole warrant exercisable for one Class A ordinary share at an exercise price of $11.50 per share",Nyse,EVAC.W
Entravision Communications Corporation Common Stock,Nyse,EVC
"Eve Holding, Inc. Common Stock",Nyse,EVEX
"Eve Holding, Inc. Warrants, each exercisable for one share of Common Stock at an exercise price of $11.50 per share",Nyse,EVEX.W
Eaton Vance Senior Income Trust Common Stock,Nyse,EVF
Eaton Vance Short Diversified Income Fund Eaton Vance Short Duration Diversified Income Fund Common Shares of Beneficial Interest,Nyse,EVG
"Evolent Health, Inc Class A Common Stock",Nyse,EVH
"Evommune, Inc. Common Stock",Nyse,EVMN
Eaton Vance Municipal Income Trust Common Stock,Nyse,EVN
Evercore Inc. Class A Common Stock,Nyse,EVR
Eaton Vance Tax Advantaged Dividend Income Fund Common Shares of Beneficial Interest,Nyse,EVT
"Evertec, Inc. Common Stock",Nyse,EVTC
Vertical Aerospace Ltd. Ordinary Shares,Nyse,EVTL
Eaton Vance Total Return Bond ETF,Nyse,EVTR
Edwards Lifesciences Corporation Common Stock,Nyse,EW
Eaton Vance Tax,Nyse,EXG
Endeavour Silver Corporation Ordinary Shares (Canada),Nyse,EXK
Eagle Materials Inc Common Stock,Nyse,EXP
"Expeditors International of Washington, Inc. Common Stock",Nyse,EXPD
Extra Space Storage Inc Common Stock,Nyse,EXR
Ford Motor Company Common Stock,Nyse,F
"Ford Motor Company 6.20% Notes due June 1, 2059",Nyse,F$B
"Ford Motor Company 6% Notes due December 1, 2059",Nyse,F$C
"Ford Motor Company 6.500% Notes due August 15, 2062",Nyse,F$D
First American Corporation (New) Common Stock,Nyse,FAF
"Fortune Brands Innovations, Inc. Common Stock",Nyse,FBIN
FB Financial Corporation Common Stock,Nyse,FBK
First BanCorp. New Common Stock,Nyse,FBP
"Franklin BSP Realty Trust, Inc. Common Stock",Nyse,FBRT
"Franklin BSP Realty Trust, Inc. 7.50% Series E Cumulative Redeemable Preferred Stock",Nyse,FBRT$E
Franklin Covey Company Common Stock,Nyse,FC
First Commonwealth Financial Corporation Common Stock,Nyse,FCF
"FTI Consulting, Inc. Common Stock",Nyse,FCN
"Four Corners Property Trust, Inc. Common Stock",Nyse,FCPT
FutureCrest Acquisition Corp. Class A Ordinary Shares,Nyse,FCRS
"FutureCrest Acquisition Corp. Units, each consisting of one Class A ordinary share and one",Nyse,FCRS.U
"FutureCrest Acquisition Corp. Redeemable warrants, each whole warrant exercisable for one Class A ordinary share at an exercise price of $11.50",Nyse,FCRS.W
"Crescent Capital BDC, Inc. 5.00% Notes due 2026",Nyse,FCRX
First Trust Senior Floating Rate Income Fund II Common Shares of Beneficial Interest,Nyse,FCT
Freeport,Nyse,FCX
"Fresh Del Monte Produce, Inc. Common Stock",Nyse,FDP
FactSet Research Systems Inc. Common Stock,Nyse,FDS
FedEx Corporation Common Stock,Nyse,FDX
FirstEnergy Corp. Common Stock,Nyse,FE
"Four Seasons Education (Cayman) Inc. American Depositary Shares, each ADS representing 10 ordinary shares",Nyse,FEDU
First Eagle Global Equity ETF,Nyse,FEGE
"Phoenix New Media Limited American Depositary Shares, each representing 48 Class A ordinary shares.",Nyse,FENG
First Eagle Overseas Equity ETF,Nyse,FEOE
Ferguson Enterprises Inc. Common Stock,Nyse,FERG
"Forum Energy Technologies, Inc. Common Stock",Nyse,FET
FutureFuel Corp.  Common shares,Nyse,FF
First Trust Enhanced Equity Income Fund Common Shares of Beneficial Interest,Nyse,FFA
Flaherty & Crumrine Preferred and Income Securities Fund Incorporated,Nyse,FFC
First Foundation Inc. Common Stock,Nyse,FFWM
"F&G Annuities & Life, Inc. Common Stock",Nyse,FG
"F&G Annuities & Life, Inc. 7.950% Senior Notes due 2053",Nyse,FGN
"F&G Annuities & Life, Inc. 7.300% Junior Subordinated Notes due 2065",Nyse,FGSN
"Federated Hermes, Inc. Common Stock",Nyse,FHI
First Horizon Corporation Common Stock,Nyse,FHN
"First Horizon Corporation Depositary Shares, each representing a 1/400th interest in a share of Non",Nyse,FHN$C
"First Horizon Corporation Depositary Shares, each representing a 1/4,000th interest in a share of Non",Nyse,FHN$E
"First Horizon Corporation Depositary Shares, each representing 1/4000th Interest in a Share of Non",Nyse,FHN$F
Fair Isaac Corporation Common Stock,Nyse,FICO
"Figma, Inc. Class A Common Stock",Nyse,FIG
"FIGS, Inc. Class A Common Stock",Nyse,FIGS
Fidelis Insurance Holdings Limited Common Shares,Nyse,FIHL
Angel Oak Financial Strategies Income Term Trust Common Shares of Beneficial Interest,Nyse,FINS
FinVolution Group American Depositary Shares,Nyse,FINV
"Fidelity National Information Services, Inc. Common Stock",Nyse,FIS
"Comfort Systems USA, Inc. Common Stock",Nyse,FIX
TCW Core Plus Bond ETF,Nyse,FIXT
Flaherty & Crumrine Total Return Fund Inc Common Stock,Nyse,FLC
"Flagstar Bank, N.A. Common Stock",Nyse,FLG
"Flagstar Bank, N.A. Depositary shares, each representing a 1/40th interest in a share of Fixed",Nyse,FLG$A
"Flagstar Bank, N.A. Bifurcated Option Note Unit SecuritiES",Nyse,FLG$U
FLEX LNG Ltd. Ordinary Shares,Nyse,FLNG
"Flowers Foods, Inc. Common Stock",Nyse,FLO
Flowco Holdings Inc. Class A Common Stock,Nyse,FLOC
Fluor Corporation Common Stock,Nyse,FLR
Flowserve Corporation Common Stock,Nyse,FLS
Flutter Entertainment plc Ordinary Shares,Nyse,FLUT
TCW Flexible Income ETF,Nyse,FLXR
FMC Corporation Common Stock,Nyse,FMC
Federated Hermes Premier Municipal Income Fund,Nyse,FMN
Fresenius Medical Care AG American Depositary Shares (Each representing 1/2 of an Ordinary Share),Nyse,FMS
Fomento Economico Mexicano S.A.B. de C.V. Common Stock,Nyse,FMX
First Trust Mortgage Income Fund Common Shares of Beneficial Interest,Nyse,FMY
Fabrinet Ordinary Shares,Nyse,FN
F.N.B. Corporation Common Stock,Nyse,FNB
"Floor & Decor Holdings, Inc. Common Stock",Nyse,FND
"Fidelity National Financial, Inc. Common Stock",Nyse,FNF
Franco,Nyse,FNV
Finance of America Companies Inc. Class A Common Stock,Nyse,FOA
Cohen & Steers Closed,Nyse,FOF
Forestar Group Inc Common Stock ,Nyse,FOR
"Shift4 Payments, Inc. Class A Common Stock",Nyse,FOUR
"Shift4 Payments, Inc. 6.00% Series A Mandatory Convertible Preferred Stock",Nyse,FOUR$A
First Trust Intermediate Duration Preferred & Income Fund Common Shares of Beneficial Interest,Nyse,FPF
"Five Point Holdings, LLC Class A Common Shares",Nyse,FPH
Farmland Partners Inc. Common Stock,Nyse,FPI
"Forgent Power Solutions, Inc. Class A Common Stock",Nyse,FPS
"First Industrial Realty Trust, Inc. Common Stock",Nyse,FR
Blackrock Floating Rate Income Strategies Fund Inc  Common Stock,Nyse,FRA
Frontline Plc Ordinary Shares,Nyse,FRO
Federal Realty Investment Trust Common Stock,Nyse,FRT
"Federal Realty Investment Trust Depositary Shares, each representing a 1/1000th interest in a 5.000% Series C Cumulative Redeemable Preferred Share",Nyse,FRT$C
FS Credit Opportunities Corp. Common Stock,Nyse,FSCO
FS KKR Capital Corp. Common Stock,Nyse,FSK
Fortuna Mining Corp. Common Shares,Nyse,FSM
Federal Signal Corporation Common Stock,Nyse,FSS
FS Specialty Lending Fund Common Shares of Beneficial Interest,Nyse,FSSL
Franklin Universal Trust Common Stock,Nyse,FT
First Trust High Yield Opportunities 2027 Term Fund Common Stock,Nyse,FTHY
TechnipFMC plc Ordinary Share,Nyse,FTI
"Flotek Industries, Inc. Common Stock",Nyse,FTK
Fortis Inc. Common Shares,Nyse,FTS
Fortive Corporation Common Stock ,Nyse,FTV
Presidio Production Company Class A Common Stock,Nyse,FTW
"Presidio Production Company Warrants, each whole warrant exercisable for one share of Class A common stock at an exercise price of $11.50 per share",Nyse,FTW.W
Strive Natural Resources and Security ETF,Nyse,FTWO
FuboTV Inc. Class A Common Stock,Nyse,FUBO
H. B. Fuller Company Common Stock,Nyse,FUL
Six Flags Entertainment Corporation Common Stock New,Nyse,FUN
"FrontView REIT, Inc. Common Stock",Nyse,FVR
"Fiverr International Ltd. Ordinary Shares, no par value",Nyse,FVRR
Sound Enhanced Fixed Income ETF,Nyse,FXED
Genpact Limited Common Stock,Nyse,G
"Gabelli Equity Trust, Inc. (The) Common Stock",Nyse,GAB
"Gabelli Equity Trust, Inc. (The) Series G Cumulative Preferred Stock",Nyse,GAB$G
"Gabelli Equity Trust, Inc. (The) Pfd Ser H",Nyse,GAB$H
"Gabelli Equity Trust, Inc. (The) 5.00% Series K Cumulative Preferred Stock",Nyse,GAB$K
"Gabelli Equity Trust, Inc. (The) Rights (expiring April 14, 2026) Rights",Nyse,GAB.R
"General American Investors, Inc. Common Stock",Nyse,GAM
"General American Investors Company, Inc. Cumulative Preferred Stock",Nyse,GAM$B
"Gap, Inc. (The) Common Stock",Nyse,GAP
GATX Corporation Common Stock,Nyse,GATX
Guggenheim Taxable Municipal Bond & Investment Grade Debt Trust Common Shares of Beneficial Interest,Nyse,GBAB
"Glacier Bancorp, Inc. Common Stock",Nyse,GBCI
"Global Business Travel Group, Inc. Class A Common Stock",Nyse,GBTG
"Greenbrier Companies, Inc. (The) Common Stock",Nyse,GBX
Genesco Inc. Common Stock,Nyse,GCO
"GCT Semiconductor Holding, Inc. Common Stock",Nyse,GCTS
"GCT Semiconductor Holding, Inc. Warrants, each whole warrant exercisable for one share of Common Stock at an exercise price of $11.50",Nyse,GCTS.W
"Gabelli Convertible and Income Securities Fund, Inc. (The) Common Stock",Nyse,GCV
General Dynamics Corporation Common Stock,Nyse,GD
GoDaddy Inc. Class A Common Stock,Nyse,GDDY
Harbor Dividend Growth Leaders ETF,Nyse,GDIV
"GDL Fund, The Common Shares of Beneficial Interest",Nyse,GDL
Western Asset Global Corporate Opportunity Fund Inc. Common Stock,Nyse,GDO
"Green Dot Corporation Class A Common Stock, $0.001 par value",Nyse,GDOT
Gabelli Dividend & Income Trust Common Shares of Beneficial Interest,Nyse,GDV
The Gabelli Dividend & Income Trust 5.375% Series H Cumulative Preferred Shares,Nyse,GDV$H
The Gabelli Dividend & Income Trust 4.250% Series K Cumulative Preferred Shares,Nyse,GDV$K
GE Aerospace Common Stock,Nyse,GE
Greif Inc. Class A Common Stock,Nyse,GEF
"Greif, Inc. Corporation Class B Common Stock",Nyse,GEF.B
"Genesis Energy, L.P. Common Units",Nyse,GEL
Genius Sports Limited Ordinary Shares,Nyse,GENI
Geo Group Inc (The) REIT,Nyse,GEO
"Getty Images Holdings, Inc. Class A Common Stock",Nyse,GETY
GE Vernova Inc. Common Stock,Nyse,GEV
"New Germany Fund, Inc. (The) Common Stock",Nyse,GF
Griffon Corporation Common Stock,Nyse,GFF
Gold Fields Limited American Depositary Shares,Nyse,GFI
"GFL Environmental Inc. Subordinate voting shares, no par value",Nyse,GFL
Greenfire Resources Ltd. Common Shares,Nyse,GFR
Gerdau S.A. Common Stock,Nyse,GGB
Graco Inc. Common Stock,Nyse,GGG
Gabelli Multi,Nyse,GGT
Gabelli Multi,Nyse,GGT$E
Gabelli Multi,Nyse,GGT$G
Gabelli Global Small and Mid Cap Value Trust (The) Common Shares of Beneficial Interest,Nyse,GGZ
Graham Holdings Company Common Stock,Nyse,GHC
"GreenTree Hospitality Group Ltd. American depositary shares, each representing one Class A ordinary share",Nyse,GHG
Greystone Housing Impact Investors LP Beneficial Unit Certificates representing assignments of limited partnership interests,Nyse,GHI
Graham Corporation Common Stock,Nyse,GHM
"PGIM Global High Yield Fund, Inc.",Nyse,GHY
CGI Inc. Common Stock,Nyse,GIB
Global Industrial Company Common Stock,Nyse,GIC
"Gildan Activewear, Inc. Class A Sub. Vot. Common Stock",Nyse,GIL
"General Mills, Inc. Common Stock",Nyse,GIS
Synthetic Fixed,Nyse,GJH
Synthetic Fixed,Nyse,GJO
Synthetic Fixed,Nyse,GJP
Synthetic Fixed,Nyse,GJR
"Goldman Sachs Group Securities STRATS Trust for Goldman Sachs Group Securities, Series 2006",Nyse,GJS
Synthetic Fixed,Nyse,GJT
Glaukos Corporation Common Stock,Nyse,GKOS
Globe Life Inc. Common Stock,Nyse,GL
Globe Life Inc. 4.25% Junior Subordinated Debentures due 2061,Nyse,GL$D
"GalaxyEdge Acquisition Corporation Units, each consisting of one Ordinary Share and one Right entitling the holder to receive 1/4th of one ordinary share",Nyse,GLED.U
Globant S.A. Common Shares,Nyse,GLOB
GasLog Partners LP 8.625% Series A Cumulative Redeemable Perpetual Fixed to Floating Rate Preference Units,Nyse,GLOP$A
GasLog Partners LP 8.200% Series B Cumulative Redeemable Perpetual Fixed to Floating Rate Preference Units,Nyse,GLOP$B
GasLog Partners LP 8.500% Series C Cumulative Redeemable Perpetual Fixed to Floating Rate Preference Units,Nyse,GLOP$C
Global Partners LP Common Units representing Limited Partner Interests,Nyse,GLP
Global Partners LP 9.50% Series B Fixed Rate Cumulative Redeemable Perpetual Preferred Units representing limited partner interests,Nyse,GLP$B
Corning Incorporated Common Stock,Nyse,GLW
General Motors Company Common Stock,Nyse,GM
GameStop Corporation Common Stock,Nyse,GME
GameStop Corporation Warrants to Purchase Common Stock,Nyse,GME.W
"Globus Medical, Inc. Class A Common Stock",Nyse,GMED
iShares Government Money Market ETF,Nyse,GMMF
Genie Energy Ltd. Class B Common Stock Stock,Nyse,GNE
Genco Shipping & Trading Limited Ordinary Shares New (Marshall Islands),Nyse,GNK
"Global Net Lease, Inc. Common Stock",Nyse,GNL
"Global Net Lease, Inc. 7.25% Series A Cumulative Redeemable Preferred Stock, $0.01 par value per share",Nyse,GNL$A
"Global Net Lease, Inc. 6.875% Series B Cumulative Redeemable Perpetual Preferred Stock",Nyse,GNL$B
"Global Net Lease, Inc. 7.50% Series D Cumulative Redeemable Perpetual Preferred Stock",Nyse,GNL$D
"Global Net Lease, Inc. 7.375% Series E Cumulative Redeemable Perpetual Preferred Stock",Nyse,GNL$E
Generac Holdlings Inc. Common Stock,Nyse,GNRC
"GAMCO Natural Resources, Gold & Income Trust",Nyse,GNT
"GAMCO Natural Resources, Gold & Income Tust  5.20% Series A Cumulative Preferred Shares (Liquidation Preference $25.00 per share)",Nyse,GNT$A
Genworth Financial Inc Common Stock,Nyse,GNW
Guggenheim Strategic Opportunities Fund Common Shares of Beneficial Interest,Nyse,GOF
"Gold.com, Inc. Common Stock",Nyse,GOLD
Acushnet Holdings Corp. Common Stock,Nyse,GOLF
Canada Goose Holdings Inc. Subordinate Voting Shares,Nyse,GOOS
Gaotu Techedu Inc. American Depositary Shares,Nyse,GOTU
Genuine Parts Company Common Stock,Nyse,GPC
"GPGI, Inc. Class A Common Stock",Nyse,GPGI
"Group 1 Automotive, Inc. Common Stock",Nyse,GPI
"Georgia Power Company Series 2017A 5.00% Junior Subordinated Notes due October 1, 2077",Nyse,GPJA
Graphic Packaging Holding Company,Nyse,GPK
Granite Point Mortgage Trust Inc. Common Stock,Nyse,GPMT
Granite Point Mortgage Trust Inc. 7.00% Series A Fixed,Nyse,GPMT$A
Global Payments Inc. Common Stock,Nyse,GPN
Gulfport Energy Corporation Common Shares,Nyse,GPOR
Geopark Ltd Common Shares,Nyse,GPRK
"Green Brick Partners, Inc. Common Stock",Nyse,GRBK
"Green Brick Partners, Inc. Depositary Shares (each representing a 1/1000th fractional interest in a share of 5.75% Series A Cumulative Perpetual Preferred Stock)",Nyse,GRBK$A
Gorman,Nyse,GRC
"Guardian Pharmacy Services, Inc. Class A Common Stock",Nyse,GRDN
Garmin Ltd. Common Stock (Switzerland),Nyse,GRMN
Grindr Inc. Common Stock,Nyse,GRND
"Granite Ridge Resources, Inc. Common Stock",Nyse,GRNT
"Grove Collaborative Holdings, Inc. Class A Common Stock",Nyse,GROV
The Gabelli Healthcare & Wellness Trust Common Shares of Beneficial Interest,Nyse,GRX
"Goldman Sachs Group, Inc. (The) Common Stock",Nyse,GS
"Goldman Sachs Group, Inc. (The) Depositary Shares each representing 1/1000th Interest in a Share of Floating Rate Non",Nyse,GS$A
"Goldman Sachs Group, Inc. (The) Depositary Share repstg 1/1000th Preferred Series C",Nyse,GS$C
"Goldman Sachs Group, Inc. (The) Dep Shs repstg 1/1000 Pfd Ser D Fltg",Nyse,GS$D
"Goldman Sachs BDC, Inc. Common Stock",Nyse,GSBD
GSK plc American Depositary Shares (Each representing two Ordinary Shares),Nyse,GSK
Global Ship Lease Inc New Class A Common Shares,Nyse,GSL
"Global Ship Lease, Inc. Depository Shares Representing 1/100th Perpetual Preferred Series B% (Marshall Island)",Nyse,GSL$B
Gates Industrial Corporation plc Ordinary Shares,Nyse,GTES
"Chart Industries, Inc. Common Stock",Nyse,GTLS
"Gray Media, Inc. Common Stock",Nyse,GTN
"Gray Media, Inc. Class A Common Stock",Nyse,GTN.A
Getty Realty Corporation Common Stock,Nyse,GTY
Guggenheim Active Allocation Fund Common Shares of Beneficial Interest,Nyse,GUG
Gabelli Utility Trust (The) Common Stock,Nyse,GUT
Gabelli Utility Trust (The) 5.375% Series C Cumulative Preferred Shares,Nyse,GUT$C
Granite Construction Incorporated Common Stock,Nyse,GVA
"ESS Tech, Inc. Common Stock",Nyse,GWH
"ESS Tech, Inc. Warrant",Nyse,GWH.W
"Guidewire Software, Inc. Common Stock",Nyse,GWRE
"W.W. Grainger, Inc. Common Stock",Nyse,GWW
"GXO Logistics, Inc. Common Stock ",Nyse,GXO
Arrow Dow Jones Global Yield ETF ETF,Nyse,GYLD
Hyatt Hotels Corporation Class A Common Stock,Nyse,H
Haemonetics Corporation Common Stock,Nyse,HAE
Hafnia Limited Common Shares,Nyse,HAFN
Halliburton Company Common Stock,Nyse,HAL
"HA Sustainable Infrastructure Capital, Inc. Common Stock",Nyse,HASI
"Hayward Holdings, Inc. Common Stock",Nyse,HAYW
Hamilton Beach Brands Holding Company Class A Common Stock ,Nyse,HBB
Hudbay Minerals Inc. Ordinary Shares (Canada),Nyse,HBM
"HCA Healthcare, Inc. Common Stock",Nyse,HCA
"Warrior Met Coal, Inc. Common Stock",Nyse,HCC
"HCI Group, Inc. Common Stock",Nyse,HCI
"Hercules Capital, Inc. 6.25% Notes due 2033",Nyse,HCXY
"Home Depot, Inc. (The) Common Stock",Nyse,HD
HDFC Bank Limited Common Stock,Nyse,HDB
"Hawaiian Electric Industries, Inc. Common Stock",Nyse,HE
Heico Corporation Common Stock,Nyse,HEI
Heico Corporation Common Stock,Nyse,HEI.A
John Hancock Diversified Income Fund Common Shares of Beneficial Interest,Nyse,HEQ
Hess Midstream LP Class A Representing Limited Partner Interests,Nyse,HESM
DGA Core Plus Absolute Return ETF,Nyse,HF
Unlimited HFEQ Equity Long/Short ETF,Nyse,HFEQ
Unlimited HFGM Global Macro ETF,Nyse,HFGM
Unlimited HFMF Managed Futures ETF,Nyse,HFMF
Unlimited HFND Multi,Nyse,HFND
Highland Opportunities and Income Fund Common Shares of Beneficial Interest,Nyse,HFRO
Highland Opportunities and Income Fund 5.375% Series A Cumulative Preferred Shares,Nyse,HFRO$A
Highland Opportunities and Income Fund 5.375% Series B Cumulative Preferred Shares,Nyse,HFRO$B
"Hamilton Insurance Group, Ltd. Class B Common Shares",Nyse,HG
Harbor Commodity All,Nyse,HGER
Highland Global Allocation Fund Common Stock,Nyse,HGLB
"Hagerty, Inc. Class A Common Stock",Nyse,HGTY
Hilton Grand Vacations Inc. Common Stock ,Nyse,HGV
Howard Hughes Holdings Inc. Common Stock,Nyse,HHH
"The Hartford Insurance Group, Inc. Common Stock",Nyse,HIG
"The Hartford Insurance Group, Inc. Depositary Shares each representing a 1/1000th interest in a share of 6.000% Non",Nyse,HIG$G
"Huntington Ingalls Industries, Inc. Common Stock",Nyse,HII
"Hims & Hers Health, Inc. Class A Common Stock",Nyse,HIMS
"Western Asset High Income Opportunity Fund, Inc. Common Stock",Nyse,HIO
Hippo Holdings Inc. Common Stock,Nyse,HIPO
"Highwoods Properties, Inc. Common Stock",Nyse,HIW
Western Asset High Income Fund II Inc. Common Stock,Nyse,HIX
AMTD Digital Inc. American Depositary Shares (every five of which represent two Class A Ordinary Shares),Nyse,HKD
Hecla Mining Company Common Stock,Nyse,HL
Hecla Mining Company Preferred Stock,Nyse,HL$B
Herbalife Ltd. Common Shares,Nyse,HLF
"Houlihan Lokey, Inc. Class A Common Stock",Nyse,HLI
"Helios Technologies, Inc. Common Stock",Nyse,HLIO
Holley Inc. Common Stock,Nyse,HLLY
Holley Inc. Warrants,Nyse,HLLY.W
Haleon plc American Depositary Shares (Each representing two Ordinary Shares),Nyse,HLN
Hilton Worldwide Holdings Inc. Common Stock ,Nyse,HLT
"Helix Energy Solutions Group, Inc. Common Stock",Nyse,HLX
"Honda Motor Company, Ltd. Common Stock",Nyse,HMC
Horace Mann Educators Corporation Common Stock,Nyse,HMN
Harmony Gold Mining Company Limited,Nyse,HMY
"Hinge Health, Inc. Class A Common Stock",Nyse,HNGE
HNI Corporation Common Stock,Nyse,HNI
Harley,Nyse,HOG
"Home BancShares, Inc. Common Stock",Nyse,HOMB
"Hovnanian Enterprises, Inc. Class A Common Stock",Nyse,HOV
"Helmerich & Payne, Inc. Common Stock",Nyse,HP
Hewlett Packard Enterprise Company Common Stock,Nyse,HPE
Hewlett Packard Enterprise Company 7.625% Series C Mandatory Convertible Preferred Stock,Nyse,HPE$C
John Hancock Pfd Income Fund II Pfd Income Fund II,Nyse,HPF
John Hancock Preferred Income Fund Common Shares of Beneficial Interest,Nyse,HPI
"Hudson Pacific Properties, Inc. Common Stock",Nyse,HPP
"Hudson Pacific Properties, Inc. 4.750% Series C Cumulative Redeemable Preferred Stock",Nyse,HPP$C
HP Inc. Common Stock,Nyse,HPQ
John Hancock Preferred Income Fund III Preferred Income Fund III,Nyse,HPS
abrdn Healthcare Investors Shares of Beneficial Interest,Nyse,HQH
abrdn Life Sciences Investors Shares of Beneficial Interest,Nyse,HQL
Healthcare Realty Trust Incorporated Common Stock,Nyse,HR
"H&R Block, Inc. Common Stock",Nyse,HRB
Herc Holdings Inc. Common Stock ,Nyse,HRI
Hormel Foods Corporation Common Stock,Nyse,HRL
"Heritage Insurance Holdings, Inc. Common Stock",Nyse,HRTG
"HSBC Holdings, plc. Common Stock",Nyse,HSBC
Himalaya Shipping Ltd. Common Shares,Nyse,HSHP
The Hershey Company Common Stock,Nyse,HSY
"HomeTrust Bancshares, Inc. Common Stock",Nyse,HTB
John Hancock Tax Advantaged Dividend Income Fund Common Shares of Beneficial Interest,Nyse,HTD
Horizon Technology Finance Corporation 6.25% Notes due 2027,Nyse,HTFC
"Hercules Capital, Inc. Common Stock",Nyse,HTGC
Hilltop Holdings Inc.,Nyse,HTH
"High Templar Tech Limited American depositary shares, each representing one Class A ordinary share",Nyse,HTT
Hubbell Inc Common Stock,Nyse,HUBB
"HubSpot, Inc. Common Stock",Nyse,HUBS
Humana Inc. Common Stock,Nyse,HUM
Huntsman Corporation Common Stock,Nyse,HUN
"HUYA Inc. American depositary shares, each  representing one Class A ordinary share",Nyse,HUYA
"Haverty Furniture Companies, Inc. Common Stock",Nyse,HVT
"Haverty Furniture Companies, Inc. Common Stock",Nyse,HVT.A
Howmet Aerospace Inc. Common Stock,Nyse,HWM
Hexcel Corporation Common Stock,Nyse,HXL
Hyster,Nyse,HY
Haymaker Acquisition Corp. 4 Class A Ordinary Shares,Nyse,HYAC
"Haymaker Acquisition Corp. 4 Units, each consisting one Class A Ordinary Share and one",Nyse,HYAC.U
"Haymaker Acquisition Corp. 4 Warrants, each whole warrant exercisable for one Class A ordinary share at an exercise price of $11.50 per share",Nyse,HYAC.W
TCW High Yield Bond ETF,Nyse,HYBX
Western Asset High Yield Opportunity Fund Inc. Common Stock,Nyse,HYI
"Blackrock Corporate High Yield Fund, Inc. Common Stock",Nyse,HYT
Counterpoint High Yield Trend ETF,Nyse,HYTR
"MarineMax, Inc.  (FL) Common Stock",Nyse,HZO
Voya Asia Pacific High Dividend Equity Income Fund ING Asia Pacific High Dividend Equity Income Fund Common Shares of Beneficial Interest,Nyse,IAE
Iamgold Corporation Ordinary Shares,Nyse,IAG
International Business Machines Corporation Common Stock,Nyse,IBM
ICICI Bank Limited Common Stock,Nyse,IBN
"Installed Building Products, Inc. Common Stock",Nyse,IBP
"Ibotta, Inc. Class A Common Stock",Nyse,IBTA
Intercontinental Exchange Inc. Common Stock,Nyse,ICE
ICL Group Ltd. Ordinary Shares,Nyse,ICL
"InPoint Commercial Real Estate Income, Inc. 6.75% Series A Cumulative Redeemable Preferred Stock",Nyse,ICR$A
"IDACORP, Inc. Common Stock",Nyse,IDA
"Voya Infrastructure, Industrials and Materials Fund Common Shares of Beneficial Interest",Nyse,IDE
IDT Corporation Class B Common Stock,Nyse,IDT
IDEX Corporation Common Stock,Nyse,IEX
"International Flavors & Fragrances, Inc. Common Stock",Nyse,IFF
"Aberdeen India Fund, Inc. Common Stock",Nyse,IFN
Intercorp Financial Services Inc. Common Shares,Nyse,IFS
Voya Global Advantage and Premium Opportunity Fund Common Shares of Beneficial Interest,Nyse,IGA
TCW Corporate Bond ETF,Nyse,IGCB
Voya Global Equity Dividend and Premium Opportunity Fund,Nyse,IGD
Western Asset Investment Grade Opportunity Trust Inc. Common Stock,Nyse,IGI
CBRE Global Real Estate Income Fund Common Shares of Beneficial Interest,Nyse,IGR
"iHuman Inc. American depositary shares, each representing five Class A ordinary shares",Nyse,IH
Voya Emerging Markets High Income Dividend Equity Fund Common Shares,Nyse,IHD
Intercontinental Hotels Group American Depositary Shares (Each representing one Ordinary Share),Nyse,IHG
IHS Holding Limited Ordinary Shares,Nyse,IHS
"Morgan Stanley India Investment Fund, Inc. Common Stock",Nyse,IIF
"Insteel Industries, Inc. Common Stock",Nyse,IIIN
Invesco Value Municipal Income Trust Common Stock,Nyse,IIM
"Innovative Industrial Properties, Inc. Common Stock",Nyse,IIPR
"Innovative Industrial Properties, Inc. 9.00% Series A Cumulative Redeemable Preferred Stock",Nyse,IIPR$A
Imax Corporation Common Stock,Nyse,IMAX
Harbor PanAgora Dynamic Large Cap Core ETF,Nyse,INFO
"Infleqtion, Inc. Common Stock",Nyse,INFQ
"Infleqtion, Inc. Warrants, each whole warrant exercisable for one share of Common Stock at an exercise price of $11.50 per share",Nyse,INFQ.W
Infosys Limited American Depositary Shares,Nyse,INFY
"ING Group, N.V. Common Stock",Nyse,ING
Ingram Micro Holding Corporation Common Stock,Nyse,INGM
Ingredion Incorporated Common Stock,Nyse,INGR
"Summit Hotel Properties, Inc. Common Stock",Nyse,INN
"Summit Hotel Properties, Inc. 6.250% Series E Cumulative Redeemable Preferred Stock",Nyse,INN$E
"Summit Hotel Properties, Inc. 5.875% Series F Cumulative Redeemable Preferred Stock, $0.01 par value per share",Nyse,INN$F
"Infinity Natural Resources, Inc. Class A Common Stock",Nyse,INR
"Inspire Medical Systems, Inc. Common Stock",Nyse,INSP
"International Seaways, Inc. Common Stock ",Nyse,INSW
Invitation Homes Inc. Common Stock,Nyse,INVH
"Innovex International, Inc. Common Stock",Nyse,INVX
"IonQ, Inc. Common Stock",Nyse,IONQ
"IonQ, Inc. Redeemable warrants, each whole warrant exercisable for one share of Common Stock, each at an exercise price of $11.50 per share",Nyse,IONQ.W
Samsara Inc. Class A Common Stock,Nyse,IOT
International Paper Company Common Stock,Nyse,IP
"Merrill Lynch & Co., Inc. 6.0518% Index Plus Trust Certificates Series 2003",Nyse,IPB
"Intrepid Potash, Inc Common Stock",Nyse,IPI
Invesco Quality Municipal Income Trust Common Stock,Nyse,IQI
"IQVIA Holdings, Inc. Common Stock",Nyse,IQV
Ingersoll Rand Inc. Common Stock,Nyse,IR
Iris Acquisition Corp II Class A Ordinary Shares,Nyse,IRAB
"Iris Acquisition Corp II Units, each consisting of one Class A Ordinary Share and one",Nyse,IRAB.U
"Iris Acquisition Corp II Redeemable Warrants, each whole warrant exercisable for one Class A Ordinary Share at an exercise price of $11.50 per share",Nyse,IRAB.W
Iron Mountain Incorporated (Delaware)Common Stock REIT,Nyse,IRM
IRSA Inversiones Y Representaciones S.A. Global Depositary Shares (Each representing ten shares of Common Stock),Nyse,IRS
IRSA Inversiones Y Representaciones S.A. Warrants to purchase Common Shares,Nyse,IRS.W
"Independence Realty Trust, Inc. Common Stock",Nyse,IRT
"PGIM High Yield Bond Fund, Inc.",Nyse,ISD
"Gartner, Inc. Common Stock",Nyse,IT
Integer Holdings Corporation Common Stock,Nyse,ITGR
ITT Inc. Common Stock ,Nyse,ITT
Itau Unibanco Banco Holding SA American Depositary Shares (Each repstg 500 Preferred shares),Nyse,ITUB
Illinois Tool Works Inc. Common Stock,Nyse,ITW
INVESCO MORTGAGE CAPITAL INC Common Stock,Nyse,IVR
INVESCO MORTGAGE CAPITAL INC 7.5% Fixed,Nyse,IVR$C
InvenTrust Properties Corp. Common Stock,Nyse,IVT
Invesco Ltd Common Stock,Nyse,IVZ
ORIX Corporation American Depositary Shares,Nyse,IX
Jacobs Solutions Inc. Common Stock,Nyse,J
Jackson Acquisition Company II Class A Ordinary Shares,Nyse,JACS
"Jackson Acquisition Company II Rights, each right to acquire one",Nyse,JACS.R
"Jackson Acquisition Company II Units, each consisting of one Class A ordinary share and one right to acquire one",Nyse,JACS.U
JBG SMITH Properties Common Shares ,Nyse,JBGS
"Janus International Group, Inc. Common Stock",Nyse,JBI
Lehman ABS 3.50 3.50% Adjustable Corp Backed Tr Certs GS Cap I,Nyse,JBK
Jabil Inc. Common Stock,Nyse,JBL
JPMorgan Active Bond ETF,Nyse,JBND
JBS N.V. Class A Common Shares,Nyse,JBS
JBT Marel Corporation Common Stock,Nyse,JBTM
Nuveen Core Equity Alpha Fund Common Shares of Beneficial Interest,Nyse,JCE
Johnson Controls International plc Ordinary Share,Nyse,JCI
Jefferies Financial Group Inc. Common Stock,Nyse,JEF
JELD,Nyse,JELD
Jena Acquisition Corporation II Class A Ordinary Shares,Nyse,JENA
"Jena Acquisition Corporation II Rights, each right to acquire one",Nyse,JENA.R
"Jena Acquisition Corporation II Units, each consisting of one Class A ordinary share and one right",Nyse,JENA.U
Nuveen Floating Rate Income Fund Common Stock,Nyse,JFR
Nuveen Global High Income Fund Common Shares of Beneficial Interest,Nyse,JGH
Janus Henderson Group plc Ordinary Shares,Nyse,JHG
John Hancock Investors Trust Common Stock,Nyse,JHI
John Hancock Income Securities Trust Common Stock,Nyse,JHS
James Hardie Industries plc. Ordinary Shares,Nyse,JHX
"J. Jill, Inc. Common Stock",Nyse,JILL
JinkoSolar Holding Company Limited American Depositary Shares (each representing 4 Common Shares),Nyse,JKS
Jones Lang LaSalle Incorporated Common Stock,Nyse,JLL
Nuveen Mortgage and Income Fund,Nyse,JLS
"Jumia Technologies AG American Depositary Shares, each representing two Ordinary Shares",Nyse,JMIA
Nuveen Multi,Nyse,JMM
Johnson & Johnson Common Stock,Nyse,JNJ
"Joby Aviation, Inc. Common Stock",Nyse,JOBY
"Joby Aviation, Inc. Warrants",Nyse,JOBY.W
St. Joe Company (The) Common Stock,Nyse,JOE
Japan Smaller Capitalization Fund Inc Common Stock,Nyse,JOF
Nuveen Preferred & Income Opportunities Fund,Nyse,JPC
JP Morgan Chase & Co. Common Stock,Nyse,JPM
"J P Morgan Chase & Co Depositary Shares, each representing a 1/400th interest in a share of 6.00% Non",Nyse,JPM$C
"J P Morgan Chase & Co Depositary Shares, each representing a 1/400th  interest in a share of 5.75% Non",Nyse,JPM$D
"J P Morgan Chase & Co Depositary Shares, each representing a 1/400th interest in a share of JPMorgan Chase & Co. 4.75% Non",Nyse,JPM$J
"J P Morgan Chase & Co Depositary Shares, each representing a 1/400th interest in a share of 4.55% Non",Nyse,JPM$K
"J P Morgan Chase & Co Depositary Shares, each representing a 1/400th interest in a share of 4.625% Non",Nyse,JPM$L
"J P Morgan Chase & Co Depositary Shares, each representing a 1/400th interest in a share of 4.20% Non",Nyse,JPM$M
Nuveen Credit Strategies Income Fund Shares of Beneficial Interest,Nyse,JQC
Nuveen Real Asset Income and Growth Fund Common Shares of Beneficial Interest,Nyse,JRI
Nuveen Real Estate Income Fund Common Shares of Beneficial Interest,Nyse,JRS
Jackson Financial Inc. Class A Common Stock ,Nyse,JXN
"Jackson Financial Inc. Depositary Shares, each representing a 1/1,000th interest in a share of Fixed",Nyse,JXN$A
Kadant Inc Common Stock,Nyse,KAI
KB Financial Group Inc,Nyse,KB
"Kayne Anderson BDC, Inc. Common Stock",Nyse,KBDC
KB Home Common Stock,Nyse,KBH
"KBR, Inc. Common Stock",Nyse,KBR
"Kensington Capital Acquisition Corp. VI Units, each consisting of one Class A ordinary share, one",Nyse,KCAC.U
"Kyndryl Holdings, Inc. Common Stock",Nyse,KD
Kenon Holdings Ltd. Ordinary Shares,Nyse,KEN
Korea Electric Power Corporation Common Stock,Nyse,KEP
Kirby Corporation Common Stock,Nyse,KEX
KeyCorp Common Stock,Nyse,KEY
KeyCorp Depositary Shares Each Representing a 1/40th Ownership Interest in a Share of Fixed,Nyse,KEY$I
KeyCorp Depositary Shares each representing a 1/40th ownership interest in a share of Fixed Rate Perpetual Non,Nyse,KEY$J
"KeyCorp Depositary Shares, each representing a 1/40th ownership interest in a share of Fixed Rate Perpetual Non",Nyse,KEY$K
KeyCorp Depositary Shares each representing a 1/40th ownership interest in a share of Fixed Rate Perpetual Non,Nyse,KEY$L
Keysight Technologies Inc. Common Stock,Nyse,KEYS
"Korea Fund, Inc. (The) New Common Stock",Nyse,KF
"Kforce, Inc. Common Stock",Nyse,KFRC
"Kingsway Financial Services, Inc. Common Stock (DE)",Nyse,KFS
Korn Ferry Common Stock,Nyse,KFY
Kinross Gold Corporation Common Stock,Nyse,KGC
"Kodiak Gas Services, Inc. Common Stock",Nyse,KGS
Kimco Realty Corporation (HC) Common Stock,Nyse,KIM
"Kimco Realty Corporation Class L Depositary Shares, each of which represents a one",Nyse,KIM$L
"Kimco Realty Corporation Class M Depositary Shares, each of which represents a one",Nyse,KIM$M
"Kimco Realty Corporation Depositary Shares, each representing 1/1,000th interest in a share of 7.25% Class N Cumulative Convertible Perpetual Preferred Stock",Nyse,KIM$N
KKR Income Opportunities Fund Common Shares,Nyse,KIO
KKR & Co. Inc. Common Stock,Nyse,KKR
KKR & Co. Inc. 6.25% Series D Mandatory Convertible Preferred Stock,Nyse,KKR$D
KKR Group Finance Co. IX LLC 4.625% Subordinated Notes due 2061,Nyse,KKRS
KKR & Co. Inc. 6.875% Subordinated Notes due 2065,Nyse,KKRT
Klarna Group plc Ordinary Shares,Nyse,KLAR
"KinderCare Learning Companies, Inc. Common Stock",Nyse,KLC
"Kinder Morgan, Inc. Common Stock",Nyse,KMI
Kemper Corporation 5.875% Fixed,Nyse,KMPB
Kemper Corporation,Nyse,KMPR
Kennametal Inc. Common Stock,Nyse,KMT
CarMax Inc,Nyse,KMX
Knowles Corporation Common Stock,Nyse,KN
Knife Riv Holding Co. Common Stock,Nyse,KNF
KNOT Offshore Partners LP Common Units representing Limited Partner Interests,Nyse,KNOP
"Kinsale Capital Group, Inc. Common Stock",Nyse,KNSL
Kinetik Holdings Inc. Class A Common Stock,Nyse,KNTK
Knight,Nyse,KNX
Coca,Nyse,KO
Eastman Kodak Company Common New,Nyse,KODK
"Coca Cola Femsa S.A.B. de C.V.  American Depositary Shares, each representing 10 Units (each Unit consists of 3 Series B Shares and 5 Series L Shares)",Nyse,KOF
Koppers Holdings Inc. Common Stock,Nyse,KOP
"KORE Group Holdings, Inc. Common Stock",Nyse,KORE
Kosmos Energy Ltd. Common Shares (DE),Nyse,KOS
Kroger Company (The) Common Stock,Nyse,KR
Kilroy Realty Corporation Common Stock,Nyse,KRC
KKR Real Estate Finance Trust Inc. Common Stock,Nyse,KREF
KKR Real Estate Finance Trust Inc. 6.50% Series A Cumulative Redeemable Preferred Stock,Nyse,KREF$A
Kite Realty Group Trust Common Stock,Nyse,KRG
Karman Holdings Inc. Common Stock,Nyse,KRMN
Kronos Worldwide Inc Common Stock,Nyse,KRO
Kimbell Royalty Partners Common Units Representing Limited Partner Interests,Nyse,KRP
Rice Acquisition Corporation 3 Class A Ordinary Shares,Nyse,KRSP
"Rice Acquisition Corporation 3 Units, each consisting of one Class A ordinary share, and one",Nyse,KRSP.U
"Rice Acquisition Corporation 3 Redeemable warrants, each whole warrant exercisable for one Class A ordinary share at an exercise price of $11.50",Nyse,KRSP.W
Kohl's Corporation Common Stock,Nyse,KSS
KT Corporation Common Stock,Nyse,KT
"Kontoor Brands, Inc. Common Stock ",Nyse,KTB
DWS Municipal Income Trust,Nyse,KTF
Structures Products Cp 8% CorTS Issued by Peco Energy Cap Tr II Preferred Stock,Nyse,KTH
Structured Products Corp 8.205% CorTS 8.205% Corporate Backed Trust Securities (CorTS),Nyse,KTN
Kenvue Inc. Common Stock,Nyse,KVUE
"Klaviyo, Inc. Series A Common Stock",Nyse,KVYO
Kennedy,Nyse,KW
Quaker Houghton Common Stock,Nyse,KWR
"Kayne Anderson Energy Infrastructure Fund, Inc.",Nyse,KYN
Loews Corporation Common Stock,Nyse,L
Lithium Americas Corp. Common Shares,Nyse,LAC
"Lithia Motors, Inc. Common Stock",Nyse,LAD
Ladder Capital Corp Class A Common Stock,Nyse,LADR
Lanvin Group Holdings Limited Ordinary Shares,Nyse,LANV
"Lanvin Group Holdings Limited Redeemable Warrants, each whole warrant exercisable for one Ordinary Share at an exercise price of $11.50",Nyse,LANV.W
Lithium Argentina AG Common Shares,Nyse,LAR
"CS Disco, Inc. Common Stock",Nyse,LAW
"Lazard, Inc. Common Stock",Nyse,LAZ
LandBridge Company LLC Class A Shares Representing Limited Liability Company Interests,Nyse,LB
Liberty Energy Inc. Class A common stock,Nyse,LBRT
LendingClub Corporation Common Stock,Nyse,LC
LCI Industries,Nyse,LCII
"loanDepot, Inc. Class A Common Stock",Nyse,LDI
"Leidos Holdings, Inc. Common Stock",Nyse,LDOS
"Cohen & Steers Limited Duration Preferred and Income Fund, Inc.",Nyse,LDP
Lear Corporation Common Stock,Nyse,LEA
"Leggett & Platt, Incorporated Common Stock",Nyse,LEG
Lennar Corporation Class A Common Stock,Nyse,LEN
Lennar Corporation Class B,Nyse,LEN.B
"BNY Mellon Strategic Municipals, Inc. Common Stock",Nyse,LEO
Centrus Energy Corp. Class A Common Stock,Nyse,LEU
Levi Strauss & Co Class A Common Stock,Nyse,LEVI
"Lument Finance Trust, Inc. Common Stock",Nyse,LFT
"Lument Finance Trust, Inc. 7.875% Series A Cumulative Redeemable Preferred Stock",Nyse,LFT$A
Lazard Global Total Return and Income Fund Common Stock,Nyse,LGI
Labcorp Holdings Inc. Common Stock,Nyse,LH
"L3Harris Technologies, Inc. Common Stock",Nyse,LHX
"Lennox International, Inc. Common Stock",Nyse,LII
Lionsgate Studios Corp Common Shares,Nyse,LION
"LightInTheBox Holding Co., Ltd. American Depositary Shares, each representing twelve ordinary shares",Nyse,LITB
Eli Lilly and Company Common Stock,Nyse,LLY
"Lemonade, Inc. Common Stock",Nyse,LMND
Lockheed Martin Corporation Common Stock,Nyse,LMT
Lincoln National Corporation Common Stock,Nyse,LNC
"Lincoln National Corporation Depositary Shares Each Representing a 1/1,000th Interest in a Share of 9.000% Non",Nyse,LNC$D
Brasilagro Brazilian Agric Real Estate Co Sponsored ADR (Brazil),Nyse,LND
"Cheniere Energy, Inc. Common Stock",Nyse,LNG
Lindsay Corporation Common Stock,Nyse,LNN
Loar Holdings Inc. Common Stock,Nyse,LOAR
"Live Oak Bancshares, Inc. Common Stock",Nyse,LOB
"Live Oak Bancshares, Inc. Depositary Shares, Each Representing a 1/40th Interest in a Share of 8.375% Fixed Rate Series A Non",Nyse,LOB$A
Local Bounti Corporation Common Stock,Nyse,LOCL
Loma Negra Compania Industrial Argentina Sociedad Anonima ADS,Nyse,LOMA
"Lowe's Companies, Inc. Common Stock",Nyse,LOW
Dorian LPG Ltd. Common Stock,Nyse,LPG
"LG Display Co, Ltd AMERICAN DEPOSITORY SHARES",Nyse,LPL
Louisiana,Nyse,LPX
"Stride, Inc. Common Stock",Nyse,LRN
Lightspeed Commerce Inc. Subordinate Voting Shares,Nyse,LSPD
"LTC Properties, Inc. Common Stock",Nyse,LTC
"Life Time Group Holdings, Inc. Common Stock",Nyse,LTH
"LATAM Airlines Group S.A. American Depositary Shares (each representing two thousand (2,000) shares of Common Stock)",Nyse,LTM
"Lufax Holding Ltd American Depositary Shares, each representing two (2) Ordinary Shares",Nyse,LU
Lucky Strike Entertainment Corporation Class A Common Stock,Nyse,LUCK
"Lumen Technologies, Inc. Common Stock",Nyse,LUMN
Southwest Airlines Company Common Stock,Nyse,LUV
"LuxExperience B.V. American Depositary Shares, each representing one Ordinary Share",Nyse,LUXE
Las Vegas Sands Corp. Common Stock,Nyse,LVS
"LiveWire Group, Inc. Common Stock",Nyse,LVWR
"LiveWire Group, Inc. Warrants, each exercisable for one share of Common Stock at an exercise price of $11.50 per share",Nyse,LVWR.W
"Lamb Weston Holdings, Inc. Common Stock ",Nyse,LW
Luxfer Holdings PLC Ordinary Shares,Nyse,LXFR
LXP Industrial Trust Common Stock (Maryland REIT),Nyse,LXP
LXP Industrial Trust 6.5% Series C Cumulative Convertible Preferred Stock,Nyse,LXP$C
"LSB Industries, Inc. Common Stock",Nyse,LXU
LyondellBasell Industries NV Ordinary Shares Class A (Netherlands),Nyse,LYB
Lloyds Banking Group Plc American Depositary Shares,Nyse,LYG
"Live Nation Entertainment, Inc. Common Stock",Nyse,LYV
La,Nyse,LZB
Lifezone Metals Limited Ordinary Shares,Nyse,LZM
Lifezone Metals Limited Warrants,Nyse,LZM.W
Macy's Inc Common Stock,Nyse,M
Mastercard Incorporated Common Stock,Nyse,MA
Mid,Nyse,MAA
Mid,Nyse,MAA$I
Macerich Company (The) Common Stock,Nyse,MAC
Magnera Corporation Common Stock,Nyse,MAGN
Main Street Capital Corporation Common Stock,Nyse,MAIN
ManpowerGroup Common Stock,Nyse,MAN
"Veradermics, Incorporated Common Stock",Nyse,MANE
Manchester United Ltd. Class A Ordinary Shares,Nyse,MANU
Masco Corporation Common Stock,Nyse,MAS
"Mativ Holdings, Inc. Common Stock",Nyse,MATV
"Matson, Inc. Common Stock",Nyse,MATX
"MediaAlpha, Inc. Class A Common Stock",Nyse,MAX
"MasterBrand, Inc. Common Stock",Nyse,MBC
MBIA Inc. Common Stock,Nyse,MBI
Moelis & Company Class A Common Stock,Nyse,MC
Metropolitan Bank Holding Corp. Common Stock,Nyse,MCB
McDonald's Corporation Common Stock,Nyse,MCD
Barings Corporate Investors Common Stock,Nyse,MCI
McKesson Corporation Common Stock,Nyse,MCK
XAI Madison Equity Premium Income Fund Common Shares,Nyse,MCN
Moody's Corporation Common Stock,Nyse,MCO
MFS Charter Income Trust Common Stock,Nyse,MCR
Marcus Corporation (The) Common Stock,Nyse,MCS
Mercury General Corporation Common Stock,Nyse,MCY
"Pediatrix Medical Group, Inc. Common Stock",Nyse,MD
Westwood Salient Enhanced Midstream Income ETF,Nyse,MDST
Medtronic plc. Ordinary Shares,Nyse,MDT
"MDU Resources Group, Inc. Common Stock (Holding Company)",Nyse,MDU
"Modiv Industrial, Inc. Class C Common Stock",Nyse,MDV
"Modiv Industrial, Inc. 7.375% Series A Cumulative Redeemable Perpetual Preferred Stock",Nyse,MDV$A
"Mayville Engineering Company, Inc. Common Stock",Nyse,MEC
MEDIFAST INC Common Stock,Nyse,MED
"Montrose Environmental Group, Inc. Common Stock",Nyse,MEG
NYLI CBRE Global Infrastructure Megatrends Term Fund Common Shares,Nyse,MEGI
"Methode Electronics, Inc. Common Stock",Nyse,MEI
"Bank of America Corporation Income Capital Obligation Notes initially due December 15, 2066",Nyse,MER$K
"MetLife, Inc. Common Stock",Nyse,MET
"MetLife, Inc. Preferred Series A Floating Rate",Nyse,MET$A
"MetLife, Inc. Depositary Shares ",Nyse,MET$E
"MetLife, Inc. Depositary Shares, each representing a 1/1,000th interest in a share of 4.75% Non",Nyse,MET$F
"MFA Financial, Inc.",Nyse,MFA
"MFA Financial, Inc. Preferred Series B",Nyse,MFA$B
"MFA Financial, Inc. 6.50% Series C Fixed",Nyse,MFA$C
"MFA Financial, Inc. 8.875% Senior Notes due 2029",Nyse,MFAN
"MFA Financial, Inc. 9.000% Senior Notes due 2029",Nyse,MFAO
Manulife Financial Corporation Common Stock,Nyse,MFC
"Mizuho Financial Group, Inc. Sponosred ADR (Japan)",Nyse,MFG
MFS Municipal Income Trust Common Stock,Nyse,MFM
MFS Active Core Plus Bond ETF,Nyse,MFSB
MFS Active Growth ETF,Nyse,MFSG
MFS Active International ETF,Nyse,MFSI
MFS Active Intermediate Muni Bond ETF,Nyse,MFSM
MFS Active Value ETF,Nyse,MFSV
Mistras Group Inc Common Stock,Nyse,MG
"Magna International, Inc. Common Stock",Nyse,MGA
MFS Government Markets Income Trust Common Stock,Nyse,MGF
MGM Resorts International Common Stock,Nyse,MGM
"Affiliated Managers Group, Inc. 5.875% Junior Subordinated Notes due 2059",Nyse,MGR
"Affiliated Managers Group, Inc. 4.750% Junior Subordinated Notes due 2060",Nyse,MGRB
"Affiliated Managers Group, Inc. 4.200% Junior Subordinated Notes due 2061",Nyse,MGRD
"Affiliated Managers Group, Inc. 6.750% Junior Subordinated Notes due 2064",Nyse,MGRE
Magnolia Oil & Gas Corporation Class A Common Stock,Nyse,MGY
"McGraw Hill, Inc. Common Stock",Nyse,MH
"Blackrock MuniHoldings Fund, Inc. Common Stock",Nyse,MHD
"Western Asset Municipal High Income Fund, Inc. Common Stock",Nyse,MHF
"Mohawk Industries, Inc. Common Stock",Nyse,MHK
"Maiden Holdings, Ltd. 6.625% Notes due 2046",Nyse,MHLA
"Maiden Holdings North America, Ltd. 7.75% Notes due 2043",Nyse,MHNC
"M/I Homes, Inc. Common Stock",Nyse,MHO
"Miami International Holdings, Inc. Common Stock",Nyse,MIAX
The Magnum Ice Cream Company N.V. Ordinary Shares,Nyse,MICC
MFS Intermediate Income Trust Common Stock,Nyse,MIN
"Mirion Technologies, Inc. Class A Common Stock",Nyse,MIR
"TPG Mortgage Investment Trust, Inc. 9.500% Senior Notes due 2029",Nyse,MITN
"TPG Mortgage Investment Trust, Inc. 9.500% Senior Notes due 2029",Nyse,MITP
"TPG Mortgage Investment Trust, Inc. Common Stock",Nyse,MITT
"TPG Mortgage Investment Trust, Inc. 8.25% Series A Cumulative Redeemable Preferred Stock",Nyse,MITT$A
"TPG Mortgage Investment Trust, Inc. 8.00% Series B Cumulative Redeemable Preferred Stock",Nyse,MITT$B
"TPG Mortgage Investment Trust, Inc. 8.00% Series C Fixed",Nyse,MITT$C
"Blackrock MuniYield Michigan Quality Fund, Inc. Common Stock",Nyse,MIY
"McCormick & Company, Incorporated Common Stock",Nyse,MKC
"McCormick & Company, Incorporated Common Stock",Nyse,MKC.V
Markel Group Inc. Common Stock,Nyse,MKL
"Mueller Industries, Inc. Common Stock",Nyse,MLI
"Martin Marietta Materials, Inc. Common Stock",Nyse,MLM
"Maui Land & Pineapple Company, Inc. Common Stock",Nyse,MLP
"Miller Industries, Inc. Common Stock",Nyse,MLR
NYLI MacKay DefinedTerm Muni Opportunities Fund Common Shares,Nyse,MMD
"Marcus & Millichap, Inc. Common Stock",Nyse,MMI
MFS Active Mid Cap ETF,Nyse,MMID
State Street Prime Money Market ETF,Nyse,MMK
Texas Capital Government Money Market ETF,Nyse,MMKT
3M Company Common Stock,Nyse,MMM
"Maximus, Inc. Common Stock",Nyse,MMS
MFS Multimarket Income Trust Common Stock,Nyse,MMT
"Western Asset Managed Municipals Fund, Inc. Common Stock",Nyse,MMU
Mach Natural Resources LP Common Units representing Limited Partner Interests,Nyse,MNR
"MINISO Group Holding Limited American Depositary Shares, each representing four Ordinary Shares",Nyse,MNSO
"MNTN, Inc. Class A Common Stock",Nyse,MNTN
"Altria Group, Inc.",Nyse,MO
Modine Manufacturing Company Common Stock,Nyse,MOD
Moog Inc. Class A Common Stock,Nyse,MOG.A
Moog Inc. Class B Common Stock,Nyse,MOG.B
MOGU Inc. American Depositary Shares (each  representing 25 Class A Ordinary Shares),Nyse,MOGU
Molina Healthcare Inc Common Stock,Nyse,MOH
Mosaic Company (The) Common Stock,Nyse,MOS
Movado Group Inc. Common Stock,Nyse,MOV
MP Materials Corp. Common Stock,Nyse,MP
Blackrock MuniYield Pennsylvania Quality Fund Common Stock,Nyse,MPA
Marathon Petroleum Corporation Common Stock,Nyse,MPC
MPLX LP Common Units Representing Limited Partner Interests,Nyse,MPLX
"Medical Properties Trust, Inc. common stock",Nyse,MPT
Barings Participation Investors Common Stock,Nyse,MPV
Marine Products Corporation Common Stock,Nyse,MPX
"Blackrock MuniYield Quality Fund, Inc. Common Stock",Nyse,MQY
"Merck & Company, Inc. Common Stock (new)",Nyse,MRK
"Millrose Properties, Inc. Class A Common Stock",Nyse,MRP
Marsh Common Stock,Nyse,MRSH
Morgan Stanley Common Stock,Nyse,MS
Morgan Stanley Dep Shs repstg 1/1000 Pfd Ser A,Nyse,MS$A
Morgan Stanley DEPOSITARY SHARES REP 1/1000TH SHARES FIXED/FLTG PREFERRED STOCK SERIES E,Nyse,MS$E
Morgan Stanley Dep Shs Rpstg 1/1000th Int Prd Ser F Fxd to Flag,Nyse,MS$F
Morgan Stanley Depository Shares Representing 1/1000th Preferred Series 1 Fixed to Floating Non (Cum),Nyse,MS$I
"Morgan Stanley Depositary Shares, each representing 1/1,000th of a share of Fixed",Nyse,MS$K
"Morgan Stanley Depositary Shares, each representing 1/1,000th of a share of 4.875% Non",Nyse,MS$L
"Morgan Stanley Depositary Shares, each representing 1/1,000th of a share of 4.250% Non",Nyse,MS$O
"Morgan Stanley Depositary Shares, each representing 1/1,000th of a share of 6.500% Non",Nyse,MS$P
"Morgan Stanley Depositary Shares, each representing 1/1,000th of a share of 6.625% Non",Nyse,MS$Q
MSA Safety Incorporated Common Stock,Nyse,MSA
Mesabi Trust Common Stock,Nyse,MSB
"Studio City International Holdings Limited American depositary shares, each representing four  Class A ordinary shares",Nyse,MSC
MSCI Inc. Common Stock,Nyse,MSCI
"Morgan Stanley Emerging Markets Debt Fund, Inc. Common Stock",Nyse,MSD
Morgan Stanley Direct Lending Fund Common Stock,Nyse,MSDL
Madison Square Garden Entertainment Corp. Class A Common Stock,Nyse,MSGE
Madison Square Garden Sports Corp. Class A Common Stock (New),Nyse,MSGS
"Motorola Solutions, Inc. Common Stock",Nyse,MSI
"MSC Income Fund, Inc. Common Stock",Nyse,MSIF
"MSC Industrial Direct Company, Inc. Common Stock",Nyse,MSM
Arcelor Mittal NY Registry Shares NEW,Nyse,MT
M&T Bank Corporation Common Stock,Nyse,MTB
M&T Bank Corporation Perpetual Fixed,Nyse,MTB$H
M&T Bank Corporation Depositary Shares each representing a 1/400th ownership interest in a share of Perpetual 7.500% Non,Nyse,MTB$J
M&T Bank Corporation Depositary Shares each representing a 1/400th interest in a share of Perpetual 6.350% Non,Nyse,MTB$K
Mettler,Nyse,MTD
Matador Resources Company Common Stock,Nyse,MTDR
MGIC Investment Corporation Common Stock,Nyse,MTG
Meritage Homes Corporation Common Stock,Nyse,MTH
"Vail Resorts, Inc. Common Stock",Nyse,MTN
Mesa Royalty Trust Common Stock,Nyse,MTR
Materion Corporation,Nyse,MTRN
Metallus Inc. Common Shares,Nyse,MTUS
"Manitowoc Company, Inc. (The) Common Stock",Nyse,MTW
Minerals Technologies Inc. Common Stock,Nyse,MTX
"MasTec, Inc. Common Stock",Nyse,MTZ
"Blackrock MuniAssets Fund, Inc Common Stock",Nyse,MUA
"Blackrock MuniHoldings California Quality Fund, Inc.  Common Stock",Nyse,MUC
"Mitsubishi UFJ Financial Group, Inc. Common Stock",Nyse,MUFG
"Blackrock MuniHoldings New Jersey Quality Fund, Inc. Common Stock",Nyse,MUJ
Murphy Oil Corporation Common Stock,Nyse,MUR
Murphy USA Inc. Common Stock,Nyse,MUSA
TCW Multisector Credit Income ETF,Nyse,MUSE
McEwen Inc. Common Stock,Nyse,MUX
MV Oil Trust Units of Beneficial Interests,Nyse,MVO
MUELLER WATER PRODUCTS Common Stock,Nyse,MWA
Magnachip Semiconductor Corporation Common Stock,Nyse,MX
"Mexico Equity and Income Fund, Inc. (The) Common Stock",Nyse,MXE
"Mexico Fund, Inc. (The) Common Stock",Nyse,MXF
"Myers Industries, Inc. Common Stock",Nyse,MYE
"Blackrock MuniYield Quality Fund III, Inc Common Stock",Nyse,MYI
"Blackrock MuniYield New York Quality Fund, Inc.Common Stock",Nyse,MYN
"MOZAYYX Acquisition Corp. Units, each consisting of one Class A ordinary share and one",Nyse,MZYX.U
N,Nyse,NABL
Nuveen California Quality Municipal Income Fund,Nyse,NAC
Nuveen Quality Municipal Income Fund Common Stock,Nyse,NAD
Nuveen New York Quality Municipal Income Fund Common Stock,Nyse,NAN
Nordic American Tankers Limited Common Stock,Nyse,NAT
NCR Atleos Corporation Common Stock,Nyse,NATL
Nuveen Arizona Quality Municipal Income Fund Common Stock,Nyse,NAZ
Nuveen Taxable Municipal Income Fund Common Shares of Beneficial Interest,Nyse,NBB
National Bank Holdings Corporation Common Stock,Nyse,NBHC
Nabors Industries Ltd.,Nyse,NBR
Neuberger Next Generation Connectivity Fund Inc. Common Stock,Nyse,NBXG
"NACCO Industries, Inc. Common Stock",Nyse,NC
Nuveen California Municipal Value Fund,Nyse,NCA
Nuveen Churchill Direct Lending Corp. Common Stock,Nyse,NCDL
Norwegian Cruise Line Holdings Ltd. Ordinary Shares,Nyse,NCLH
Virtus Convertible & Income Fund Common Shares of Beneficial Interest,Nyse,NCV
Virtus Convertible & Income Fund 5.625% Series A Cumulative Preferred Shares,Nyse,NCV$A
Virtus Convertible & Income Fund II Common Shares of Beneficial Interest,Nyse,NCZ
Virtus Convertible & Income Fund II 5.50% Series A Cumulative Preferred Shares,Nyse,NCZ$A
Nuveen Dynamic Municipal Opportunities Fund Common Shares of Beneficial Interest,Nyse,NDMO
Noble Corporation plc A Ordinary Shares,Nyse,NE
Noble Corporation plc Tranche 2 Warrants,Nyse,NE.A
Noble Corporation plc Tranche 1 Warrants,Nyse,NE.W
Nuveen AMT,Nyse,NEA
"NextEra Energy, Inc. Common Stock",Nyse,NEE
"NextEra Energy, Inc. Series N Junior Subordinated Debentures due March 1, 2079",Nyse,NEE$N
"NextEra Energy, Inc. 7.299% Corporate Units",Nyse,NEE$S
"NextEra Energy, Inc. 7.234% Corporate Units",Nyse,NEE$T
"NextEra Energy, Inc. Series U Junior Subordinated Debentures due June 1, 2085",Nyse,NEE$U
"NextEra Energy, Inc. 7.375% Corporate Units",Nyse,NEE$V
Newmont Corporation,Nyse,NEM
"Cloudflare, Inc. Class A Common Stock",Nyse,NET
NewMarket Corp Common Stock,Nyse,NEU
Nexa Resources S.A. Common Shares,Nyse,NEXA
National Fuel Gas Company Common Stock,Nyse,NFG
"Virtus Dividend, Interest & Premium Strategy Fund Common Shares of Beneficial Interest",Nyse,NFJ
"National Grid Transco, PLC National Grid PLC (NEW) American Depositary Shares",Nyse,NGG
NGL ENERGY PARTNERS LP Common Units representing Limited Partner Interests,Nyse,NGL
NGL ENERGY PARTNERS LP 9.00% Class B Fixed,Nyse,NGL$B
NGL ENERGY PARTNERS LP 9.625% Class C Fixed,Nyse,NGL$C
"Natural Gas Services Group, Inc. Common Stock",Nyse,NGS
"Natural Grocers by Vitamin Cottage, Inc. Common Stock",Nyse,NGVC
Ingevity Corporation Common Stock ,Nyse,NGVT
"National Health Investors, Inc. Common Stock",Nyse,NHI
NiSource Inc Common Stock,Nyse,NI
Nicolet Bankshares Inc. Common Stock,Nyse,NIC
Virtus Equity & Convertible Income Fund Common Shares of Beneficial Interest,Nyse,NIE
Nuveen Select Maturities Municipal Fund Common Stock,Nyse,NIM
"NIO Inc. American depositary shares, each  representing one Class A ordinary share",Nyse,NIO
NIQ Global Intelligence plc Ordinary Shares,Nyse,NIQ
NewJersey Resources Corporation Common Stock,Nyse,NJR
"Nike, Inc. Common Stock",Nyse,NKE
Nuveen California AMT,Nyse,NKX
"NL Industries, Inc. Common Stock",Nyse,NL
Net Lease Office Properties Common Shares of Beneficial Interest,Nyse,NLOP
Annaly Capital Management Inc. Common Stock,Nyse,NLY
Annaly Capital Management Inc 6.95% Series F,Nyse,NLY$F
Annaly Capital Management Inc 6.50% Series G Fixed,Nyse,NLY$G
Annaly Capital Management Inc 6.750% Series I Fixed,Nyse,NLY$I
Annaly Capital Management Inc. 8.875% Series J Fixed,Nyse,NLY$J
Nuveen Multi,Nyse,NMAI
"Newsmax, Inc. Class B Common Stock",Nyse,NMAX
Nuveen Municipal Credit Opportunities Fund Common Shares,Nyse,NMCO
Nouveau Monde Graphite Inc. Common Shares,Nyse,NMG
"Nuveen Municipal Income Fund, Inc. Common Stock",Nyse,NMI
Navios Maritime Partners LP Common Units Representing Limited Partner Interests,Nyse,NMM
Nomura Holdings Inc ADR American Depositary Shares,Nyse,NMR
Nuveen Minnesota Quality Municipal Income Fund ,Nyse,NMS
Nuveen Massachusetts Quality Municipal Income Fund Common Stock,Nyse,NMT
"Nuveen Municipal High Income Opportunity Fund Common Stock, $0.01 par value, per share",Nyse,NMZ
"Nelnet, Inc. Common Stock",Nyse,NNI
"NNN REIT, Inc. Common Stock",Nyse,NNN
Nuveen New York Municipal Value Fund Common Stock,Nyse,NNY
North American Construction Group Ltd. Common Shares (no par),Nyse,NOA
Noah Holdings Limited American Depositary Shares,Nyse,NOAH
Northrop Grumman Corporation Common Stock,Nyse,NOC
"Northern Oil and Gas, Inc. Common Stock",Nyse,NOG
Nokia Corporation Sponsored American Depositary Shares,Nyse,NOK
Nuveen Missouri Quality Municipal Income Fund ,Nyse,NOM
Nomad Foods Limited Ordinary Shares,Nyse,NOMD
"FiscalNote Holdings, Inc. Class A common stock",Nyse,NOTE
"FiscalNote Holdings, Inc. Warrants to purchase one share of Class A common stock, each at an exercise price of $11.50 per share",Nyse,NOTE.W
NOV Inc. Common Stock,Nyse,NOV
"ServiceNow, Inc. Common Stock",Nyse,NOW
Neptune Insurance Holdings Inc. Class A Common Stock,Nyse,NP
"Northpointe Bancshares, Inc. Common Stock",Nyse,NPB
Nuveen Core Plus Impact Fund Common Shares of Beneficial Interest,Nyse,NPCT
Nuveen Variable Rate Preferred & Income Fund Common Shares,Nyse,NPFD
"National Presto Industries, Inc. Common Stock",Nyse,NPK
NPK International Inc. Common Stock,Nyse,NPKI
Enpro Inc. Common Stock,Nyse,NPO
Nuveen Virginia Quality Municipal Income Fund Common Stock,Nyse,NPV
NET Power Inc. Class A Common Stock,Nyse,NPWR
"NET Power Inc. Redeemable warrants, each whole warrant exercisable for one share of Class A Common Stock at an exercise price of $11.50",Nyse,NPWR.W
Nuveen Pennsylvania Quality Municipal Income Fund Common Stock,Nyse,NQP
Nerdy Inc. Class A Common Stock,Nyse,NRDY
"NexPoint Real Estate Finance, Inc. Common Stock",Nyse,NREF
"NexPoint Real Estate Finance, Inc. 8.50% Series A Cumulative Redeemable Preferred Stock",Nyse,NREF$A
"NRG Energy, Inc. Common Stock",Nyse,NRG
"Energy Vault Holdings, Inc. Common Stock",Nyse,NRGV
Nuveen New York AMT,Nyse,NRK
Natural Resource Partners LP Limited Partnership,Nyse,NRP
North European Oil Royality Trust Common Stock,Nyse,NRT
National Rural Utilities Cooperative Finance Corporation 5.500% Subordinated Notes due 2064 (Subordinated Deferrable Interest Notes),Nyse,NRUC
National Storage Affiliates Trust Common Shares of Beneficial Interest,Nyse,NSA
National Storage Affiliates Trust 6.000% Series A Cumulative Redeemable Preferred Shares of Beneficial Interest (Liquidation Preference $25.00 per share),Nyse,NSA$A
National Storage Affiliates Trust 6.000% Series B Cumulative Redeemable Preferred Shares of Beneficial Interest,Nyse,NSA$B
Norfolk Southern Corporation Common Stock,Nyse,NSC
"Insperity, Inc. Common Stock",Nyse,NSP
Bank of N.T. Butterfield & Son Limited (The) Voting Ordinary Shares,Nyse,NTB
Nutrien Ltd. Common Shares,Nyse,NTR
NetSTREIT Corp. Common Stock,Nyse,NTST
"Natuzzi, S.p.A.",Nyse,NTZ
Nu Holdings Ltd. Class A Ordinary Shares,Nyse,NU
Nucor Corporation Common Stock,Nyse,NUE
"Nu Skin Enterprises, Inc. Common Stock",Nyse,NUS
"Nuveen Municipal Value Fund, Inc. Common Stock",Nyse,NUV
Nuvation Bio Inc. Class A Common Stock,Nyse,NUVB
Nuveen AMT,Nyse,NUW
Nuveen AMT,Nyse,NVG
Navigator Holdings Ltd. Ordinary Shares (Marshall Islands),Nyse,NVGS
Novo Nordisk A/S Common Stock,Nyse,NVO
"NVR, Inc. Common Stock",Nyse,NVR
Enviri Corporation Common Stock,Nyse,NVRI
Novartis AG Common Stock,Nyse,NVS
Envista Holdings Corporation Common Stock,Nyse,NVST
nVent Electric plc Ordinary Shares ,Nyse,NVT
New America Acquisition I Corp. Class A Common Stock,Nyse,NWAX
"New America Acquisition I Corp. Units, each consisting of one share of Class A Common Stock and one",Nyse,NWAX.U
"New America Acquisition I Corp. Warrants, each whole warrant is exercisable to purchase one share of Class A common stock",Nyse,NWAX.W
"NatWest Group plc American Depositary Shares, (each representing two (2) Ordinary Shares)",Nyse,NWG
Northwest Natural Holding Company Common Stock,Nyse,NWN
Quanex Building Products Corporation Common Stock,Nyse,NX
"Nextdoor Holdings, Inc. Class A Common Stock",Nyse,NXDR
NexPoint Diversified Real Estate Trust Common Stock,Nyse,NXDT
NexPoint Diversified Real Estate Trust 5.50% Series A Cumulative Preferred Shares ($25.00 liquidation preference per share),Nyse,NXDT$A
Nexgen Energy Ltd. Common Shares,Nyse,NXE
NXG NextGen Infrastructure Income Fund Common Shares of Beneficial Interest,Nyse,NXG
Nuveen New Jersey Qualified Municipal Fund ,Nyse,NXJ
Nuveen Select Tax Free Income Portfolio Common Stock,Nyse,NXP
"NexPoint Residential Trust, Inc. Common Stock",Nyse,NXRT
American Strategic Investment Co. Class A Common Stock,Nyse,NYC
New York Times Company (The) Common Stock,Nyse,NYT
Nuveen Municipal Credit Income Fund ,Nyse,NZF
Realty Income Corporation Common Stock,Nyse,O
"Brookfield Oaktree Holdings, LLC 6.625% Series A Preferred Units",Nyse,OAK$A
"Brookfield Oaktree Holdings, LLC 6.550% Series B Preferred Units",Nyse,OAK$B
Blue Owl Capital Corporation Common Stock,Nyse,OBDC
"Origin Bancorp, Inc. Common Stock",Nyse,OBK
Owens Corning Inc Common Stock New,Nyse,OC
Oil,Nyse,ODC
Osisko Development Corp. Common Shares,Nyse,ODV
Orion S.A. Common Shares,Nyse,OEC
OFG Bancorp Common Stock,Nyse,OFG
"Once Upon a Farm, PBC Common Stock",Nyse,OFRM
OGE Energy Corp Common Stock,Nyse,OGE
Organon & Co. Common Stock ,Nyse,OGN
"ONE Gas, Inc. Common Stock",Nyse,OGS
"Omega Healthcare Investors, Inc. Common Stock",Nyse,OHI
O,Nyse,OI
Invesco Municipal Income Opportunities Trust Common Stock,Nyse,OIA
"Oceaneering International, Inc. Common Stock",Nyse,OII
"Oil States International, Inc. Common Stock",Nyse,OIS
"ONEOK, Inc. Common Stock",Nyse,OKE
Oklo Inc. Class A common stock,Nyse,OKLO
Olin Corporation Common Stock,Nyse,OLN
"One Liberty Properties, Inc. Common Stock",Nyse,OLP
Omnicom Group Inc. Common Stock,Nyse,OMC
"OneMain Holdings, Inc. Common Stock",Nyse,OMF
Onity Group Inc. Common Stock,Nyse,ONIT
Orion Properties Inc. Common Stock,Nyse,ONL
On Holding AG Class A Ordinary Shares,Nyse,ONON
"ON24, Inc. Common Stock",Nyse,ONTF
Onto Innovation Inc. Common Stock,Nyse,ONTO
"Ooma, Inc. Common Stock",Nyse,OOMA
Offerpad Solutions Inc. Class A Common Stock,Nyse,OPAD
OppFi Inc. Class A Common Stock,Nyse,OPFI
OppFi Inc. Warrants,Nyse,OPFI.W
"OPENLANE, Inc. Common Stock",Nyse,OPLN
"RiverNorth/DoubleLine Strategic Opportunity Fund, Inc. Common Stock",Nyse,OPP
"RiverNorth/DoubleLine Strategic Opportunity Fund, Inc. 4.375% Series A Cumulative Preferred Stock",Nyse,OPP$A
"RiverNorth/DoubleLine Strategic Opportunity Fund, Inc. 4.75% Series B Cumulative Preferred Stock",Nyse,OPP$B
"Optimum Communications, Inc. Class A common stock",Nyse,OPTU
"Oppenheimer Holdings, Inc. Class A Common Stock (DE)",Nyse,OPY
OR Royalties Inc. Common Shares,Nyse,OR
"Ormat Technologies, Inc. Common Stock",Nyse,ORA
"Orchid Island Capital, Inc. Common Stock",Nyse,ORC
Oracle Corporation Common Stock,Nyse,ORCL
"Oracle Corporation Depositary Shares, each representing a 1/2,000th interest in a sh of 6.50% Series D Mandatory Convertible Preferred Stock",Nyse,ORCL$D
Old Republic International Corporation Common Stock,Nyse,ORI
"Orion Group Holdings, Inc. Common",Nyse,ORN
"Oscar Health, Inc. Class A Common Stock",Nyse,OSCR
"Octave Specialty Group, Inc. Common Stock",Nyse,OSG
Oshkosh Corporation (Holding Company)Common Stock,Nyse,OSK
Blue Owl Technology Finance Corp. Common Stock,Nyse,OTF
Otis Worldwide Corporation Common Stock ,Nyse,OTIS
OUTFRONT Media Inc. Common Stock,Nyse,OUT
Ovintiv Inc. (DE),Nyse,OVV
Blue Owl Capital Inc. Class A Common Stock,Nyse,OWL
"Owlet, Inc. Class A Common Stock",Nyse,OWLT
"Oxford Industries, Inc. Common Stock",Nyse,OXM
Occidental Petroleum Corporation Common Stock,Nyse,OXY
Occidental Petroleum Corporation Warrants ,Nyse,OXY.W
Pan American Silver Corp. Common Stock,Nyse,PAAS
"Grupo Aeroportuario Del Pacifico, S.A. B. de C.V. Grupo Aeroportuario Del Pacifico, S.A. de C.V. (each representing 10 Series B shares)",Nyse,PAC
Ranpak Holdings Corp Class A Common Stock,Nyse,PACK
"PACS Group, Inc. Common Stock",Nyse,PACS
"Penske Automotive Group, Inc. Common Stock",Nyse,PAG
PagSeguro Digital Ltd. Class A Common Shares,Nyse,PAGS
Western Asset Investment Grade Income Fund Inc.,Nyse,PAI
Pyrophyte Acquisition Corp. II Class A Ordinary Shares,Nyse,PAII
"Pyrophyte Acquisition Corp. II Units, each consisting of one Class A ordinary share and one",Nyse,PAII.U
"Pyrophyte Acquisition Corp. II Warrants, each whole warrant exercisable for one Class A Ordinary Share at an exercise price of $11.50 per share",Nyse,PAII.W
Pampa Energia S.A.,Nyse,PAM
PAR Technology Corporation Common Stock,Nyse,PAR
"Par Pacific Holdings, Inc.  Common Stock",Nyse,PARR
"UiPath, Inc. Class A Common Stock",Nyse,PATH
PIMCO Access Income Fund Common Shares of Beneficial Interest,Nyse,PAXS
"Paymentus Holdings, Inc. Class A Common Stock",Nyse,PAY
"Paycom Software, Inc. Common Stock",Nyse,PAYC
"Prosperity Bancshares, Inc. Common Stock",Nyse,PB
Pembina Pipeline Corp. Ordinary Shares (Canada),Nyse,PBA
PBF Energy Inc. Class A Common Stock,Nyse,PBF
Prestige Consumer Healthcare Inc. Common Stock,Nyse,PBH
Pitney Bowes Inc. Common Stock,Nyse,PBI
Pitney Bowes Inc 6.70% Notes Due 2043,Nyse,PBI$B
Petroleo Brasileiro S.A. Petrobras ADS,Nyse,PBR
Petroleo Brasileiro S.A. Petrobras American Depositary Shares representing Preferred Shares,Nyse,PBR.A
Permian Basin Royalty Trust Common Stock,Nyse,PBT
High Income Securities Fund Common Stock,Nyse,PCF
Pacific Gas & Electric Co. Common Stock,Nyse,PCG
PG&E Corp 6.000% Series A Mandatory Convertible Preferred Stock,Nyse,PCG$X
"PCM Fund, Inc. Common Stock",Nyse,PCM
Pimco Corporate & Income Strategy Fund Common Stock,Nyse,PCN
"Procore Technologies, Inc. Common Stock",Nyse,PCOR
PIMCO California Municipal Income Fund Common Stock,Nyse,PCQ
"PagerDuty, Inc. Common Stock",Nyse,PD
Pearl Diver Credit Company Inc. Common Stock,Nyse,PDCC
PIMCO Dynamic Income Fund Common Stock,Nyse,PDI
"Piedmont Realty Trust, Inc. Class A Common Stock",Nyse,PDM
PIMCO Dynamic Income Opportunities Fund Common Shares of Beneficial Interest,Nyse,PDO
Pearl Diver Credit Company Inc. 8.00% Series A Preferred Stock Due 2029,Nyse,PDPA
Precision Drilling Corporation Common Stock,Nyse,PDS
John Hancock Premium Dividend Fund,Nyse,PDT
PIMCO Dynamic Income Strategy Fund Common Shares of Beneficial Interest,Nyse,PDX
Pebblebrook Hotel Trust Common Shares of Beneficial Interest,Nyse,PEB
Pebblebrook Hotel Trust 6.375% Series E Cumulative Redeemable Preferred Shares of Beneficial Interest,Nyse,PEB$E
Pebblebrook Hotel Trust 6.3% Series F Cumulative Redeemable Preferred Shares of Beneficial Interest,Nyse,PEB$F
Pebblebrook Hotel Trust 6.375% Series G Cumulative Redeemable Preferred Shares of Beneficial Interest,Nyse,PEB$G
Pebblebrook Hotel Trust 5.700% Series H Cumulative Redeemable Preferred Shares of Beneficial Interest,Nyse,PEB$H
Public Service Enterprise Group Incorporated Common Stock,Nyse,PEG
"Penumbra, Inc. Common Stock",Nyse,PEN
"Adams Natural Resources Fund, Inc. Common Stock",Nyse,PEO
Perfect Corp. Class A Ordinary Share,Nyse,PERF
"Perfect Corp. Warrants, each exercisable for one Class A Ordinary Share at a price of $11.50 per share",Nyse,PERF.W
GrabAGun Digital Holdings Inc. Common Stock,Nyse,PEW
"GrabAGun Digital Holdings Inc. Warrants, each whole warrant exercisable to purchase one share of Common Stock at an exercise price of $11.50 per share",Nyse,PEW.W
Flaherty & Crumrine Preferred and Income Fund Incorporated,Nyse,PFD
"Pfizer, Inc. Common Stock",Nyse,PFE
Performance Food Group Company Common Stock,Nyse,PFGC
"Prudential Financial, Inc. 4.125% Junior Subordinated Notes due 2060",Nyse,PFH
PIMCO Income Strategy Fund Shares of Beneficial Interest,Nyse,PFL
PennantPark Floating Rate Capital Ltd. Common Stock,Nyse,PFLT
PIMCO Income Strategy Fund II,Nyse,PFN
Flaherty & Crumrine Preferred and Income Opportunity Fund Incorporated,Nyse,PFO
"Provident Financial Services, Inc Common Stock",Nyse,PFS
"PennyMac Financial Services, Inc. Common Stock",Nyse,PFSI
Procter & Gamble Company (The) Common Stock,Nyse,PG
Pimco Global StocksPlus & Income Fund Common Shares of Beneficial Interest,Nyse,PGP
Progressive Corporation (The) Common Stock,Nyse,PGR
Principal Real Estate Income Fund Common Shares of Beneficial Interest,Nyse,PGZ
Parker,Nyse,PH
Koninklijke Philips N.V. NY Registry Shares,Nyse,PHG
PLDT Inc. Sponsored ADR,Nyse,PHI
PHINIA Inc. Common Stock,Nyse,PHIN
Pimco High Income Fund,Nyse,PHK
"PulteGroup, Inc. Common Stock",Nyse,PHM
"Phreesia, Inc. Common Stock",Nyse,PHR
Polaris Inc. Common Stock,Nyse,PII
Putnam Master Intermediate Income Trust Common Stock,Nyse,PIM
"Alpine Income Property Trust, Inc. Common Stock",Nyse,PINE
"Alpine Income Property Trust, Inc. 8.00% Series A Cumulative Redeemable Preferred Stock",Nyse,PINE$A
"Pinterest, Inc. Class A Common Stock",Nyse,PINS
Piper Sandler Companies Common Stock,Nyse,PIPR
PJT Partners Inc. Class A Common Stock,Nyse,PJT
Park Hotels & Resorts Inc. Common Stock ,Nyse,PK
Park Aerospace Corp. Common Stock,Nyse,PKE
Packaging Corporation of America Common Stock,Nyse,PKG
Peakstone Realty Trust Common Shares,Nyse,PKST
POSCO HOLDINGS INC. American Depositary Shares (Each representing 1/4th of a share of Common Stock),Nyse,PKX
Planet Labs PBC Class A Common Stock,Nyse,PL
"Planet Labs PBC Redeemable warrants, each whole warrant exercisable for one share of Class A common stock, each at an exercise price of $11.50 per share",Nyse,PL.W
"Prologis, Inc. Common Stock",Nyse,PLD
"Planet Fitness, Inc. Common Stock",Nyse,PLNT
"Douglas Dynamics, Inc. Common Stock",Nyse,PLOW
Philip Morris International Inc Common Stock,Nyse,PM
Pimco Municipal Income Fund II Common Shares of Beneficial Interest,Nyse,PML
Putnam Managed Municipal Income Trust Common Stock,Nyse,PMM
iShares Prime Money Market ETF,Nyse,PMMF
Putnam Municipal Opportunities Trust Common Stock,Nyse,PMO
PennyMac Mortgage Investment Trust Common Shares of Beneficial Interest,Nyse,PMT
PennyMac Mortgage Investment Trust 8.125% Series A Fixed,Nyse,PMT$A
PennyMac Mortgage Investment Trust 8.00% Series B Fixed,Nyse,PMT$B
PennyMac Mortgage Investment Trust 6.75% Series C Cumulative Redeemable Preferred Shares of Beneficial Interest,Nyse,PMT$C
PennyMac Mortgage Investment Trust 8.50% Senior Notes due 2028,Nyse,PMTU
PennyMac Mortgage Investment Trust 9.00% Senior Notes due 2030,Nyse,PMTV
PennyMac Mortgage Investment Trust 9.00% Senior Notes due 2030,Nyse,PMTW
"PNC Financial Services Group, Inc. (The) Common Stock",Nyse,PNC
"Pinnacle Financial Partners, Inc. Common stock",Nyse,PNFP
"Pinnacle Financial Partners, Inc. Fixed",Nyse,PNFP$A
"Pinnacle Financial Partners, Inc. Fixed",Nyse,PNFP$B
"Pinnacle Financial Partners, Inc. Fixed",Nyse,PNFP$C
Pimco New York Municipal Income Fund II Common Shares of Beneficial Interest,Nyse,PNI
PennantPark Investment Corporation Common Stock,Nyse,PNNT
Pentair plc. Ordinary Share,Nyse,PNR
Pinnacle West Capital Corporation Common Stock,Nyse,PNW
Portland General Electric Co Common Stock,Nyse,POR
"Post Holdings, Inc. Common Stock",Nyse,POST
"PPG Industries, Inc. Common Stock",Nyse,PPG
PPL Corporation Common Stock,Nyse,PPL
PPL Corporation Corporate Units,Nyse,PPLC
Putnam Premier Income Trust Common Stock,Nyse,PPT
Permian Resources Corporation Class A Common Stock,Nyse,PR
ProAssurance Corporation Common Stock,Nyse,PRA
Parnassus Core Select ETF,Nyse,PRCS
"PROG Holdings, Inc. Common Stock",Nyse,PRG
Perrigo Company plc Ordinary Shares,Nyse,PRGO
"Prudential Financial, Inc. 5.950% Junior Subordinated Notes due 2062",Nyse,PRH
"Primerica, Inc. Common Stock",Nyse,PRI
"Priority Income Fund, Inc. 7.00% Series D Term Preferred Stock due 2029",Nyse,PRIF$D
"Priority Income Fund, Inc. 6.000% Series J Term Preferred Stock due 2028",Nyse,PRIF$J
"Priority Income Fund, Inc. 7.000% Series K Cumulative Preferred Stock",Nyse,PRIF$K
"Priority Income Fund, Inc. 6.375% Series L Term Preferred Stock Due 2029",Nyse,PRIF$L
Primoris Services Corporation Common Stock,Nyse,PRIM
United Parks & Resorts Inc. Common Stock,Nyse,PRKS
"Proto Labs, Inc. Common stock",Nyse,PRLB
"Perimeter Solutions, SA Common Stock",Nyse,PRM
Primo Brands Corporation Class A Common Stock,Nyse,PRMB
"Prudential Financial, Inc. 5.625% Junior Subordinated Notes due 2058",Nyse,PRS
"Pursuit Attractions and Hospitality, Inc. Common Stock",Nyse,PRSU
PermRock Royalty Trust Units of Beneficial Interest,Nyse,PRT
"Prudential Financial, Inc. Common Stock",Nyse,PRU
Parnassus Value Select ETF,Nyse,PRVS
Public Storage Common Stock,Nyse,PSA
"Public Storage Depositary Shares Each Representing 1/1,000 of a 5.15% Cumulative Preferred Share of Beneficial Interest, Series F, par value $0.01 per share",Nyse,PSA$F
"Public Storage Depositary Shares, Each Representing 1/1,000 of a 5.05% Cumulative Preferred Share of Beneficial Interest, Series G",Nyse,PSA$G
"Public Storage Depositary Shares Each Representing 1/1,000 of a  5.60% Cumulative Preferred  Share of Beneficial Interest, Series H",Nyse,PSA$H
"Public Storage Depositary Shares Each Representing 1/1,000 of a 4.875% Cumulative Preferred Share of Beneficial Interest, Series I, par value $0.01 per share",Nyse,PSA$I
"Public Storage Depositary Shares Each Representing 1/1,000 of a 4.700% Cumulative Preferred Share of Beneficial Interest, Series J, par value $0.01 per share",Nyse,PSA$J
"Public Storage Depositary Shares Each Representing 1/1,000 of a 4.75% Cumulative Preferred Share of Beneficial Interest, Series K",Nyse,PSA$K
"Public Storage Depositary Shares Each Representing 1/1,000 of a 4.625% Cumulative Preferred Share of Beneficial Interest, Series L, par value $0.01 per share",Nyse,PSA$L
"Public Storage Depositary Shares Each Representing 1/1,000 of a 4.125% Cumulative Preferred Share of Beneficial Interest, Series M",Nyse,PSA$M
"Public Storage Depositary Shares Each Representing 1/1,000 of a 3.875% Cumulative Preferred Share of Beneficial Interest, Series N",Nyse,PSA$N
"Public Storage Depositary Shares Each Representing 1/1,000 of a 3.900% Cumulative Preferred Share of Beneficial Interest, Series O",Nyse,PSA$O
"Public Storage Depositary Shares Each Representing 1/1,000 of a 4.000% Cumulative Preferred Share of Bene cial Interest, Series P",Nyse,PSA$P
"Public Storage Depositary Shares Each Representing 1/1,000 of a 3.950% Cumulative Preferred Share of Beneficial Interest, Series Q, par value $0.01 per share",Nyse,PSA$Q
"Public Storage Depositary Shares Each Representing 1/1,000 of a 4.00% Cumulative Preferred Share of Bene cial Interest, Series R",Nyse,PSA$R
"Public Storage Depositary Shares Each Representing 1/1,000 of a 4.100% Cumulative Preferred Share of Beneficial Interest, Series S",Nyse,PSA$S
Palmer Square Capital BDC Inc. Common Stock,Nyse,PSBD
Prospect Capital Corporation 5.35% Series A Fixed Rate Cumulative Perpetual Preferred Stock,Nyse,PSEC$A
"Cohen & Steers Select Preferred and Income Fund, Inc. Common Stock",Nyse,PSF
Paysafe Limited Common Shares,Nyse,PSFE
Parsons Corporation Common Stock,Nyse,PSN
"Pearson, Plc Common Stock",Nyse,PSO
"PSQ Holdings, Inc. Class A Common Stock",Nyse,PSQH
"PSQ Holdings, Inc. Warrants, each exercisable for one share of Class A common stock at an exercise price of $11.50 per share",Nyse,PSQH.W
"Everpure, Inc. Class A common stock",Nyse,PSTG
"Postal Realty Trust, Inc. Class A Common Stock",Nyse,PSTL
Phillips 66 Common Stock,Nyse,PSX
Cohen & Steers Tax,Nyse,PTA
Pimco Corporate & Income Opportunity Fund,Nyse,PTY
Prudential Public Limited Company Common Stock,Nyse,PUK
ProPetro Holding Corp. Common Stock,Nyse,PUMP
PVH Corp. Common Stock,Nyse,PVH
Permianville Royalty Trust Units of Beneficial Interest,Nyse,PVL
"Quanta Services, Inc. Common Stock",Nyse,PWR
"Phoenix Education Partners, Inc. Common Stock",Nyse,PXED
PPlus Tr GSC,Nyse,PYT
"Qnity Electronics, Inc. Common Stock",Nyse,Q
D,Nyse,QBTS
Qiagen N.V. Common Shares,Nyse,QGEN
Restaurant Brands International Inc. Common Shares,Nyse,QSR
"Q2 Holdings, Inc. Common Stock",Nyse,QTWO
"Quad Graphics, Inc Class A Common Stock",Nyse,QUAD
"QVC, Inc. 6.250% Senior Secured Notes due 2068",Nyse,QVCC
"QVC, Inc. 6.375% Senior Secured Notes due 2067",Nyse,QVCD
"QXO, Inc. Common Stock",Nyse,QXO
"QXO, Inc.  Depositary Shares, each representing a 1/20th interest in a share of 5.50% Series B Mandatory Convertible Preferred Stock",Nyse,QXO$B
"Ryder System, Inc. Common Stock",Nyse,R
Brookfield Real Assets Income Fund Inc. Common Stock,Nyse,RA
Rithm Acquisition Corp. Class A Ordinary Shares,Nyse,RAC
Rithm Acquisition Corp. Units (each consists of one Class A Ordinary Share and one,Nyse,RAC.U
"Rithm Acquisition Corp. Redeemable warrants, each whole warrant exercisable for one Class A ordinary share at an exercise price of $11.50",Nyse,RAC.W
Ferrari N.V. Common Shares,Nyse,RACE
Ralliant Corporation Common Stock,Nyse,RAL
"LiveRamp Holdings, Inc. Common Stock",Nyse,RAMP
"RB Global, Inc. Common Stock",Nyse,RBA
RBC Bearings Incorporated Common Stock,Nyse,RBC
Roblox Corporation Class A Common Stock,Nyse,RBLX
"Rubrik, Inc. Class A Common Stock",Nyse,RBRK
Ready Capital Corporation Common Stock,Nyse,RC
Ready Capital Corporation 6.25% Series C Cumulative Convertible Preferred Stock,Nyse,RC$C
Ready Capital Corporation 6.50% Series E Cumulative Redeemable Preferred Stock,Nyse,RC$E
Ready Capital Corporation 6.20% Senior Notes due 2026,Nyse,RCB
Ready Capital Corporation 9.00% Senior Notes due 2029,Nyse,RCD
"Rogers Communication, Inc. Common Stock",Nyse,RCI
Royal Caribbean Cruises Ltd. Common Stock,Nyse,RCL
"PIMCO Strategic Income Fund, Inc.",Nyse,RCS
"Arcus Biosciences, Inc. Common Stock",Nyse,RCUS
"Reddit, Inc. Class A Common Stock",Nyse,RDDT
Radian Group Inc. Common Stock,Nyse,RDN
Redwire Corporation Common Stock,Nyse,RDW
Dr. Reddy's Laboratories Ltd Common Stock,Nyse,RDY
RELX PLC PLC American Depositary Shares (Each representing One Ordinary Share),Nyse,RELX
ATRenew Inc. American Depositary Shares (every three of which representing two Class A ordinary shares),Nyse,RERE
"RPC, Inc. Common Stock",Nyse,RES
REX American Resources Corporation,Nyse,REX
"Rexford Industrial Realty, Inc. Common Stock",Nyse,REXR
"Rexford Industrial Realty, Inc. 5.875% Series B Cumulative Redeemable Preferred Stock",Nyse,REXR$B
"Rexford Industrial Realty, Inc. 5.625% Series C Cumulative Redeemable Preferred Stock, par value $0.01 per share",Nyse,REXR$C
"Resideo Technologies, Inc. Common Stock ",Nyse,REZI
Regions Financial Corporation Common Stock,Nyse,RF
"Regions Financial Corporation Depositary Shares, each Representing a 1/40th Interest in a  Share of 5.700% Fixed",Nyse,RF$C
"Regions Financial Corporation Depositary Shares, Each Representing a 1/40th Interest in a Share of 4.45% Non",Nyse,RF$E
Regions Financial Corporation Depositary Shares Each Representing a 1/40th Interest in a Share of Non,Nyse,RF$F
"Cohen & Steers Total Return Realty Fund, Inc. Common Stock",Nyse,RFI
"Rafael Holdings, Inc. Class B Common Stock",Nyse,RFL
"RiverNorth Flexible Municipal Income Fund, Inc. Common Stock",Nyse,RFM
"RiverNorth Flexible Municipal Income Fund II, Inc. Common Stock",Nyse,RFMZ
"Reinsurance Group of America, Incorporated Common Stock",Nyse,RGA
"Sturm, Ruger & Company, Inc. Common Stock",Nyse,RGR
"Royce Global Trust, Inc. Common Stock",Nyse,RGT
RH Common Stock,Nyse,RH
Robert Half Inc. Common Stock,Nyse,RHI
Resolute Holdings Management Common Stock ,Nyse,RHLD
"Ryman Hospitality Properties, Inc. (REIT)",Nyse,RHP
Transocean Ltd (Switzerland) Common Stock,Nyse,RIG
Rio Tinto Plc Common Stock,Nyse,RIO
Rithm Capital Corp. Common Stock,Nyse,RITM
Rithm Capital Corp. 7.50% Series A Fixed,Nyse,RITM$A
Rithm Capital Corp. 7.125% Series B Fixed,Nyse,RITM$B
Rithm Capital Corp. 6.375% Series C Fixed,Nyse,RITM$C
Rithm Capital Corp. 7.00% Fixed,Nyse,RITM$D
Rithm Capital Corp. 8.75% Series E Fixed,Nyse,RITM$E
Rithm Capital Corp. 8.750% Series F Fixed,Nyse,RITM$F
"RiverNorth Opportunities Fund, Inc. Common Stock",Nyse,RIV
"RiverNorth Opportunities Fund, Inc. 6.00% Series A Perpetual Preferred Stock",Nyse,RIV$A
"Raymond James Financial, Inc. Common Stock",Nyse,RJF
"Rocket Companies, Inc. Class A Common Stock",Nyse,RKT
Ralph Lauren Corporation Common Stock,Nyse,RL
RLI Corp. Common Stock (DE),Nyse,RLI
RLJ Lodging Trust Common Shares of Beneficial Interest $0.01 par value,Nyse,RLJ
RLJ Lodging Trust $1.95 Series A Cumulative Convertible  Preferred Shares,Nyse,RLJ$A
Cohen & Steers Real Estate Opportunities and Income Fund Common Shares of Beneficial Interest,Nyse,RLTY
"RLX Technology Inc. American Depositary Shares, each representing the right to receive one (1) Class A ordinary share",Nyse,RLX
Regional Management Corp. Common Stock,Nyse,RM
"RE/MAX Holdings, Inc. Class A Common Stock",Nyse,RMAX
ResMed Inc. Common Stock,Nyse,RMD
"RiverNorth Opportunistic Municipal Income Fund, Inc. Common Stock",Nyse,RMI
"RiverNorth Managed Duration Municipal Income Fund, Inc. Common Stock",Nyse,RMM
"RiverNorth Managed Duration Municipal Income Fund II, Inc. Common Stock",Nyse,RMMZ
Royce Micro,Nyse,RMT
"RingCentral, Inc. Class A Common Stock",Nyse,RNG
"Ranger Energy Services, Inc. Class A Common Stock",Nyse,RNGR
"Cohen & Steers REIT and Preferred and Income Fund, Inc. Common Shares",Nyse,RNP
RenaissanceRe Holdings Ltd. Common Stock,Nyse,RNR
"RenaissanceRe Holdings Ltd. Depositary Shares, each Representing a 1/1,000th Interest in a 5.750% Series F Preference Share",Nyse,RNR$F
"RenaissanceRe Holdings Ltd. Depositary Shares, each representing a 1/1,000th interest in a share of 4.20% Series G Preference Shares",Nyse,RNR$G
Renasant Corporation Common Stock,Nyse,RNST
Rogers Corporation Common Stock,Nyse,ROG
"Rockwell Automation, Inc. Common Stock",Nyse,ROK
"Rollins, Inc. Common Stock",Nyse,ROL
Baron First Principles ETF,Nyse,RONB
"Ridgepost Capital, Inc. Class A Common Stock",Nyse,RPC
RPM International Inc. Common Stock,Nyse,RPM
Rithm Property Trust Inc. Common stock,Nyse,RPT
Rithm Property Trust Inc. 9.875% Series C Fixed,Nyse,RPT$C
Cohen & Steers Quality Income Realty Fund Inc Common Shares,Nyse,RQI
Range Resources Corporation Common Stock,Nyse,RRC
Regal Rexnord Corporation Common Stock,Nyse,RRX
"Reliance, Inc. Common Stock",Nyse,RS
RiverNorth Capital and Income Fund Common Stock,Nyse,RSF
"Republic Services, Inc. Common Stock",Nyse,RSG
"Rush Street Interactive, Inc. Class A Common Stock",Nyse,RSI
Riskified Ltd. Class A Ordinary Shares,Nyse,RSKD
Rentokil Initial plc American Depositary Shares (each representing five (5) Ordinary Shares),Nyse,RTO
RTX Corporation Common Stock,Nyse,RTX
Robinhood Ventures Fund I Common Shares of Beneficial Interest,Nyse,RVI
"Revolve Group, Inc. Class A Common Stock",Nyse,RVLV
Royce Small,Nyse,RVT
"Revvity, Inc. Common Stock",Nyse,RVTY
"Redwood Trust, Inc. Common Stock",Nyse,RWT
"Redwood Trust, Inc. 10.00% Series A Fixed",Nyse,RWT$A
"Redwood Trust, Inc. 9.125% Senior Notes Due 2029",Nyse,RWTN
"Redwood Trust, Inc. 9.00% Senior Notes Due 2029",Nyse,RWTO
"Redwood Trust, Inc. 9.125% Senior Notes Due 2030",Nyse,RWTP
"Redwood Trust, Inc. 9.500% Senior Notes Due 2030",Nyse,RWTQ
"RXO, Inc. Common Stock",Nyse,RXO
Royal Bank Of Canada Common Stock,Nyse,RY
Rayonier Advanced Materials Inc. Common Stock,Nyse,RYAM
"Ryan Specialty Holdings, Inc. Class A Common Stock",Nyse,RYAN
Rayonier Inc. REIT Common Stock,Nyse,RYN
Ryerson Holding Corporation Common Stock,Nyse,RYZ
"Reinsurance Group of America, Incorporated 5.75% Fixed",Nyse,RZB
"Reinsurance Group of America, Incorporated 7.125% Fixed",Nyse,RZC
"SentinelOne, Inc. Class A Common Stock",Nyse,S
"Seabridge Gold, Inc. Ordinary Shares (Canada)",Nyse,SA
Saba Capital Income & Opportunities Fund II Shares of Beneficial Interest,Nyse,SABA
Safeguard Acquisition Corp. Class A Ordinary Shares,Nyse,SAC
"Safeguard Acquisition Corp. Units, each consisting of one Class A ordinary share and one",Nyse,SAC.U
"Safeguard Acquisition Corp. Warrants, each whole warrant exercisable for one Class A ordinary share at an exercise price of $11.50 per share",Nyse,SAC.W
Safehold Inc. New Common Stock ,Nyse,SAFE
"Sonic Automotive, Inc. Common Stock",Nyse,SAH
Saratoga Investment Corp 8.00% Notes due 2027,Nyse,SAJ
"Boston Beer Company, Inc. (The) Common Stock",Nyse,SAM
"Banco Santander, S.A. Sponsored ADR (Spain)",Nyse,SAN
SAP  SE ADS,Nyse,SAP
Saratoga Investment Corp New,Nyse,SAR
"StandardAero, Inc. Common Stock",Nyse,SARO
Saratoga Investment Corp 6.00% Notes due 2027,Nyse,SAT
Saratoga Investment Corp 7.50% Notes due 2031,Nyse,SAV
Saratoga Investment Corp 8.125% Notes due 2027,Nyse,SAY
Saratoga Investment Corp 8.50% Notes due 2028,Nyse,SAZ
"Safe Bulkers, Inc Common Stock ($0.001 par value)",Nyse,SB
"Safe Bulkers, Inc Cumulative Redeemable Perpetual Preferred Series C (Marshall Islands)",Nyse,SB$C
"Safe Bulkers, Inc Perpetual Preferred Series D (Marshall Islands)",Nyse,SB$D
"Solo Brands, Inc. Class A Common Stock",Nyse,SBDS
"Sally Beauty Holdings, Inc. (Name to be changed from Sally Holdings, Inc.) Common Stock",Nyse,SBH
Western Asset Intermediate Muni Fund Inc Common Stock,Nyse,SBI
Sabine Royalty Trust Common Stock,Nyse,SBR
Companhia de saneamento Basico Do Estado De Sao Paulo ,Nyse,SBS
"Southside Bancshares, Inc. Common Stock",Nyse,SBSI
D/B/A Sibanye,Nyse,SBSW
SilverBox Corp IV Class A Ordinary Shares,Nyse,SBXD
"SilverBox Corp IV Units, each consisting of one Class A ordinary share and one",Nyse,SBXD.U
"SilverBox Corp IV Redeemable warrants, each whole warrant exercisable for one Class A Ordinary Share at an exercise price of $11.50",Nyse,SBXD.W
SilverBox Corp V Class A Ordinary Shares,Nyse,SBXE
"SilverBox Corp V Units, each consisting of one Class A Ordinary Share and one",Nyse,SBXE.U
"SilverBox Corp V Redeemable warrants, each whole warrant exercisable for one Class A Ordinary Share at an exercise price of $11.50",Nyse,SBXE.W
Southern Copper Corporation Common Stock,Nyse,SCCO
LMP Capital and Income Fund Inc. Common Stock,Nyse,SCD
SCE Trust II Trust Preferred Securities,Nyse,SCE$G
Southern California Edison Company 5.45% Fixed,Nyse,SCE$K
SCE TRUST VI,Nyse,SCE$L
SCE Trust VII 7.50% Trust Preference Securities,Nyse,SCE$M
SCE Trust VIII 6.95% Trust Preference Securities,Nyse,SCE$N
Charles Schwab Corporation (The) Common Stock,Nyse,SCHW
The Charles Schwab Corporation Depositary Shares each representing 1/40th interest in a share of 5.95% Non,Nyse,SCHW$D
"The Charles Schwab Corporation Depositary Shares, Each Representing a 1/40th Interest in a Share of 4.450% Non",Nyse,SCHW$J
Service Corporation International Common Stock,Nyse,SCI
Stepan Company Common Stock,Nyse,SCL
Stellus Capital Investment Corporation Common Stock,Nyse,SCM
"SandRidge Energy, Inc. Common Stock",Nyse,SD
Smith Douglas Homes Corp. Class A Common Stock,Nyse,SDHC
PGIM Short Duration High Yield Opportunities Fund Common Shares,Nyse,SDHY
Seadrill Limited Common Shares,Nyse,SDRL
"Sea Limited American Depositary Shares, each representing one Class A Ordinary Share",Nyse,SE
Seapeak LLC 9.00% Series A Cumulative Redeemable Perpetual Preferred Units,Nyse,SEAL$A
Seapeak LLC 8.50% Series B Fixed,Nyse,SEAL$B
Sealed Air Corporation Common Stock,Nyse,SEE
Seaport Entertainment Group Inc. Common Stock,Nyse,SEG
"Solaris Energy Infrastructure, Inc. Class A Common Stock",Nyse,SEI
Select Medical Holdings Corporation Common Stock,Nyse,SEM
"SEMrush Holdings, Inc. Class A Common Stock",Nyse,SEMR
SES AI Corporation Class A Common Stock,Nyse,SES
"SES AI Corporation Warrants, each whole warrant exercisable for one share of Class A Common Stock at an exercise price of $11.50 per share",Nyse,SES.W
Stifel Financial Corporation Common Stock,Nyse,SF
"Stifel Financial Corporation Depositary Shares, Each Representing 1/1,000th  Interest in a Share of 6.25% Non",Nyse,SF$B
"Stifel Financial Corporation Depositary Shares, Each Representing 1/1,000th Interest in a Share of 6.125% Non Cumulative Preferred Stock, Series C",Nyse,SF$C
"Stifel Financial Corporation Depositary Shares, Each Representing 1/1,000th Interest in a Share of 4.50% Non",Nyse,SF$D
Stifel Financial Corporation 5.20% Senior Notes due 2047,Nyse,SFB
"ServisFirst Bancshares, Inc. Common Stock",Nyse,SFBS
SFL Corporation Ltd,Nyse,SFL
"Sweetgreen, Inc. Class A Common Stock",Nyse,SG
Super Group (SGHC) Limited Ordinary Shares,Nyse,SGHC
Somnigroup International Inc. Common Stock,Nyse,SGI
iShares 0,Nyse,SGOV
Star Group L.P. Common Stock,Nyse,SGU
"Shake Shack, Inc. Class A Common Stock",Nyse,SHAK
Shell PLC American Depositary Shares (each representing two (2) Ordinary Shares) ,Nyse,SHEL
Shinhan Financial Group Co Ltd American Depositary Shares,Nyse,SHG
"Sunstone Hotel Investors, Inc. Sunstone Hotel Investors, Inc. Common Shares",Nyse,SHO
"Sunstone Hotel Investors, Inc. 6.125% Series H Cumulative Redeemable Preferred Stock",Nyse,SHO$H
"Sunstone Hotel Investors, Inc. 5.70% Series I Cumulative Redeemable Preferred Stock",Nyse,SHO$I
Strive U.S. Semiconductor ETF,Nyse,SHOC
iShares 0,Nyse,SHV
Sherwin,Nyse,SHW
"Shoulder Innovations, Inc. Common Stock",Nyse,SI
Companhia Siderurgica Nacional S.A. Common Stock,Nyse,SID
Signet Jewelers Limited Common Shares,Nyse,SIG
Sprott Inc. Common Shares,Nyse,SII
"Sila Realty Trust, Inc. Common Stock",Nyse,SILA
SITE Centers Corp. Common Stock,Nyse,SITC
"SiteOne Landscape Supply, Inc. Common Stock",Nyse,SITE
The J.M. Smucker Company Common Stock,Nyse,SJM
San Juan Basin Royalty Trust Common Stock,Nyse,SJT
Skeena Resources Limited Common Shares,Nyse,SKE
Skillsoft Corp. Class A Common Stock,Nyse,SKIL
Skillz Inc. Class A Common Stock,Nyse,SKLZ
"SK Telecom Co., Ltd. Common Stock",Nyse,SKM
Tanger Inc. Common Stock,Nyse,SKT
"Champion Homes, Inc. Common Stock",Nyse,SKY
Sky Harbour Group Corporation Class A Common Stock,Nyse,SKYH
"Sky Harbour Group Corporation Warrants, each whole warrant exercisable for one share of Class A common stock at an exercise price of $11.50 per share",Nyse,SKYH.W
SOLAI Limited American Depositary Shares (each representing one hundred (100) Class A Ordinary Shares),Nyse,SLAI
SLB Limited Common Shares,Nyse,SLB
Sun Life Financial Inc. Common Stock,Nyse,SLF
SL Green Realty Corp Common Stock,Nyse,SLG
SL Green Realty Corporation Preferred Series I,Nyse,SLG$I
Silgan Holdings Inc. Common Stock,Nyse,SLGN
TCW Senior Loan ETF,Nyse,SLNZ
"SelectQuote, Inc. Common Stock",Nyse,SLQT
Sylvamo Corporation Common Stock,Nyse,SLVM
SM Energy Company Common Stock,Nyse,SM
"SmartStop Self Storage REIT, Inc. Common Stock",Nyse,SMA
"SmartFinancial, Inc. Common Stock",Nyse,SMBK
Summit Midstream Corporation Common Stock,Nyse,SMC
Sumitomo Mitsui Financial Group Inc Unsponsored American Depositary Shares (Japan),Nyse,SMFG
Scotts Miracle,Nyse,SMG
SEACOR Marine Holdings Inc. Common Stock ,Nyse,SMHI
"Standard Motor Products, Inc. Common Stock",Nyse,SMP
NuScale Power Corporation Class A Common Stock,Nyse,SMR
"SmartRent, Inc. Class A Common Stock",Nyse,SMRT
Similarweb Ltd. Ordinary Shares,Nyse,SMWB
"SharkNinja, Inc. Ordinary Shares",Nyse,SN
Snap,Nyse,SNA
Snap Inc. Class A Common Stock,Nyse,SNAP
"Sonida Senior Living, Inc. Common Stock",Nyse,SNDA
"Schneider National, Inc. Common Stock",Nyse,SNDR
"Smith & Nephew SNATS, Inc. Common Stock",Nyse,SNN
Snowflake Inc. Common Stock,Nyse,SNOW
TD SYNNEX Corporation Common Stock,Nyse,SNX
Southern Company (The) Common Stock,Nyse,SO
South Bow Corporation Common Shares,Nyse,SOBO
Sable Offshore Corp. Common Stock,Nyse,SOC
"Southern Company (The) Series 2017B 5.25% Junior Subordinated Notes due December 1, 2077",Nyse,SOJC
"Southern Company (The) Series 2020A 4.95% Junior Subordinated Notes due January 30, 2080",Nyse,SOJD
"Southern Company (The) Series 2020C 4.20% Junior Subordinated Notes due October 15, 2060",Nyse,SOJE
"Southern Company (The) Series 2025A 6.50% Junior Subordinated Notes due March 15, 2085",Nyse,SOJF
Solventum Corporation Common Stock,Nyse,SOLV
Southern Company (The) 2025 Series A Corporate Units,Nyse,SOMN
Sonoco Products Company Common Stock,Nyse,SON
Sony Group Corporation American Depositary Shares ,Nyse,SONY
"Source Capital, Inc. Cmn Shs of BI",Nyse,SOR
SOS Limited Class A Ordinary Shares,Nyse,SOS
Soulpower Acquisition Corporation Class A Ordinary Shares,Nyse,SOUL
"Soulpower Acquisition Corporation Rights, each right entitling the holder to receive one",Nyse,SOUL.R
"Soulpower Acquisition Corporation Units, each consisting of one Class A ordinary share and one right",Nyse,SOUL.U
"Spectrum Brands Holdings, Inc. Common Stock",Nyse,SPB
"Virgin Galactic Holdings, Inc. Common Stock",Nyse,SPCE
"Special Opportunities Fund, Inc Common Stock",Nyse,SPE
"Special Opportunities Fund Inc. 2.75% Convertible Preferred Stock, Series C",Nyse,SPE$C
"Simon Property Group, Inc. Common Stock",Nyse,SPG
"Simon Property Group, Inc. Simon Property Group 8 3/8% Series J Cumulative Redeemable Preferred Stock",Nyse,SPG$J
S&P Global Inc. Common Stock,Nyse,SPGI
"Suburban Propane Partners, L.P. Common Stock",Nyse,SPH
Sphere Entertainment Co. Class A Common Stock,Nyse,SPHR
"Spire Global, Inc. Class A Common Stock",Nyse,SPIR
"Sound Point Meridian Capital, Inc. 8.00% Series A Preferred Shares Due 2029",Nyse,SPMA
"Sound Point Meridian Capital, Inc. Common Stock",Nyse,SPMC
"Sound Point Meridian Capital, Inc. 7.875% Series B Preferred Shares due 2030",Nyse,SPME
SiriusPoint Ltd. Common Shares,Nyse,SPNT
Spotify Technology S.A. Ordinary Shares,Nyse,SPOT
Spruce Power Holding Corporation Class A Common Stock,Nyse,SPRU
"SPX Technologies, Inc. Common Stock",Nyse,SPXC
Nuveen S&P 500 Dynamic Overwrite Fund,Nyse,SPXX
Sociedad Quimica y Minera S.A. Common Stock,Nyse,SQM
Sequans Communications S.A. American Depositary Shares (each representing one hundred (100) Ordinary Shares),Nyse,SQNS
Spire Inc. Common Stock,Nyse,SR
DBA Sempra Common Stock,Nyse,SRE
DBA Sempra 5.750% Junior Subordinated Notes due 2079,Nyse,SREA
Surf Air Mobility Inc. Common Stock,Nyse,SRFM
Seritage Growth Properties Class A Common Stock,Nyse,SRG
Seritage Growth Properties 7.00% Series A Cumulative Redeemable Preferred Shares of Beneficial Interest,Nyse,SRG$A
"Stoneridge, Inc. Common Stock",Nyse,SRI
Spire Inc. 6.375% Junior Subordinated Notes due 2086,Nyse,SRJN
Scully Royalty Ltd.,Nyse,SRL
NXG Cushing Midstream Energy Fund Common Shares of Beneficial Interest,Nyse,SRV
SouthState Bank Corporation Common Stock,Nyse,SSB
"Simpson Manufacturing Company, Inc. Common Stock",Nyse,SSD
Sasol Ltd. American Depositary Shares,Nyse,SSL
"System1, Inc. Class A Common Stock",Nyse,SST
"Shutterstock, Inc. Common Stock",Nyse,SSTK
Sensata Technologies Holding plc Ordinary Shares,Nyse,ST
"Stag Industrial, Inc. Common Stock",Nyse,STAG
Stewart Information Services Corporation Common Stock,Nyse,STC
STERIS plc (Ireland) Ordinary Shares,Nyse,STE
"Stellar Bancorp, Inc. Common Stock",Nyse,STEL
"Stem, Inc. Class A Common Stock",Nyse,STEM
"SRH Total Return Fund, Inc. Common Stock",Nyse,STEW
"Sunlands Technology Group American Depositary Shares, representing Class A ordinary shares",Nyse,STG
Columbia Seligman Premium Technology Growth Fund Inc,Nyse,STK
Stellantis N.V. Common Shares,Nyse,STLA
STMicroelectronics N.V. Common Stock,Nyse,STM
Stantec Inc Common Stock,Nyse,STN
Scorpio Tankers Inc. Common Shares,Nyse,STNG
Strive 500 ETF,Nyse,STRV
State Street Corporation Common Stock,Nyse,STT
"State Street Corporation Depositary shares, each representing a 1/4,000th ownership interest in a share of Fixed",Nyse,STT$G
"StubHub Holdings, Inc. Class A Common Stock",Nyse,STUB
Stevanato Group S.p.A. Ordinary Shares,Nyse,STVN
"STARWOOD PROPERTY TRUST, INC. Starwood Property Trust Inc.",Nyse,STWD
Strive 1000 Dividend Growth ETF,Nyse,STXD
Strive Emerging Markets Ex,Nyse,STXE
Strive 1000 Growth ETF,Nyse,STXG
Strive International Developed Markets ETF,Nyse,STXI
Strive Small,Nyse,STXK
Strive Mid,Nyse,STXM
Strive Total Return Bond ETF,Nyse,STXT
Strive 1000 Value ETF,Nyse,STXV
"Constellation Brands, Inc. Common Stock",Nyse,STZ
Suncor Energy  Inc. Common Stock,Nyse,SU
"Sun Communities, Inc. Common Stock",Nyse,SUI
Sunoco LP Common Units representing limited partner interests,Nyse,SUN
"Sunbelt Rentals Holdings, Inc. Common Stock",Nyse,SUNB
"SunocoCorp LLC Common Units, representing limited liability company interests",Nyse,SUNC
Grupo Supervielle S.A. American Depositary Shares each Representing five Class B shares,Nyse,SUPV
Suzano S.A. American Depositary Shares (each representing One Ordinary Share),Nyse,SUZ
"Savers Value Village, Inc. Common Stock",Nyse,SVV
Smurfit WestRock plc Ordinary Shares,Nyse,SW
"Stanley Black & Decker, Inc. Common Stock",Nyse,SWK
"Southwest Gas Holdings, Inc. Common Stock (DE)",Nyse,SWX
Total Return Securities Fund Common Stock,Nyse,SWZ
"SunCoke Energy, Inc. Common Stock",Nyse,SXC
Standex International Corporation Common Stock,Nyse,SXI
Sensient Technologies Corporation Common Stock,Nyse,SXT
Synchrony Financial Common Stock,Nyse,SYF
"Synchrony Financial Depositary Shares, each Representing a 1/40th Interest in a Share of 5.625% Fixed Rate Non",Nyse,SYF$A
Synchrony Financial Depositary Shares Each Representing a 1/40th Interest in a Share of 8.250% Fixed Rate Reset Non,Nyse,SYF$B
Stryker Corporation Common Stock,Nyse,SYK
Sysco Corporation Common Stock,Nyse,SYY
AT&T Inc.,Nyse,T
"AT&T Inc. Depositary Shares, each representing a 1/1,000th interest in a share of 5.000% Perpetual Preferred Stock, Series A",Nyse,T$A
"AT&T Inc. Depositary Shares, each representing a 1/1,000th interest in a share of 4.750% Perpetual Preferred Stock, Series C",Nyse,T$C
TransAlta Corporation Ordinary Shares,Nyse,TAC
Takeda Pharmaceutical Company Limited American Depositary Shares (each representing 1/2 of a share of Common Stock),Nyse,TAK
TAL Education Group American Depositary Shares,Nyse,TAL
"Talos Energy, Inc. Common Stock",Nyse,TALO
Molson Coors Beverage Company Class B Common Stock,Nyse,TAP
Molson Coors Beverage Company Class A Common Stock,Nyse,TAP.A
AT&T Inc. 5.350% Global Notes due 2066,Nyse,TBB
BBB Foods Inc. Class A Common Shares,Nyse,TBBB
"TrueBlue, Inc. Common Stock",Nyse,TBI
Tortoise Global Water Fund,Nyse,TBLU
Tamboran Resources Corporation Common stock,Nyse,TBN
Tortoise AI Infrastructure ETF,Nyse,TCAI
"Third Coast Bancshares, Inc. Common Stock",Nyse,TCBX
"Transcontinental Realty Investors, Inc. Common Stock",Nyse,TCI
TransCanada PipeLines Limited 6.250% Junior Subordinated Notes due 2085,Nyse,TCPA
Toronto Dominion Bank (The) Common Stock,Nyse,TD
"USA TODAY Co., Inc. Common Stock",Nyse,TDAY
Teradata Corporation Common Stock,Nyse,TDC
"Templeton Dragon Fund, Inc. Common Stock",Nyse,TDF
Transdigm Group Incorporated Common Stock,Nyse,TDG
"Teladoc Health, Inc. Common Stock",Nyse,TDOC
"Telephone and Data Systems, Inc. Common Shares",Nyse,TDS
"Telephone and Data Systems, Inc. Depositary Shares, Each Representing a 1/1,000th Interest in a 6.625% Series UU Cumulative Redeemable Perpetual Preferred Stock",Nyse,TDS$U
"Telephone and Data Systems, Inc. Depositary Shares, Each Representing a 1/1,000th Interest in a 6.000% Series VV Cumulative Redeemable Perpetual Preferred Stock",Nyse,TDS$V
Tidewater Inc. Common Stock,Nyse,TDW
Teledyne Technologies Incorporated Common Stock,Nyse,TDY
T1 Energy Inc. Common Stock,Nyse,TE
"T1 Energy Inc. Warrants, each whole warrant exercisable to purchase one Common Stock at an exercise price of $11.50 per share",Nyse,TE.W
Teck Resources Ltd Ordinary Shares,Nyse,TECK
"Templeton Emerging Markets Income Fund, Inc. Common Stock",Nyse,TEI
TE Connectivity plc Ordinary Shares,Nyse,TEL
Tsakos Energy Navigation Ltd Common Shares,Nyse,TEN
Tsakos Energy Navigation Ltd Series E Fixed,Nyse,TEN$E
Tsakos Energy Navigation Ltd Series F Fixed,Nyse,TEN$F
Telecom Argentina SA,Nyse,TEO
Teva Pharmaceutical Industries Limited American Depositary Shares,Nyse,TEVA
Terex Corporation Common Stock,Nyse,TEX
Truist Financial Corporation Common Stock,Nyse,TFC
Truist Financial Corporation Depositary Shares,Nyse,TFC$I
"Truist Financial Corporation Depositary Shares, Each Representing a 1/1,000th Interest in a Share of Series O Non",Nyse,TFC$O
"Truist Financial Corporation Depositary Shares, each representing 1/1,000th interest in a share of Series R Non",Nyse,TFC$R
TFI International Inc. Common Shares,Nyse,TFII
"Triumph Financial, Inc. Common Stock",Nyse,TFIN
"Triumph Financial, Inc. Depositary Shares, Each Representing a 1/40th Interest in a Share of 7.125% Series C Fixed",Nyse,TFIN$
Triple Flag Precious Metals Corp. Common Shares,Nyse,TFPM
"Terra Income Fund 6, LLC 7.00% Notes due 2026",Nyse,TFSA
Teleflex Incorporated Common Stock,Nyse,TFX
Tredegar Corporation Common Stock,Nyse,TG
The Generation Essentials Group Class A Ordinary Shares,Nyse,TGE
Tecnoglass Inc. Ordinary Shares,Nyse,TGLS
TEGNA Inc,Nyse,TGNA
Transportadora de Gas del Sur SA TGS Common Stock,Nyse,TGS
Target Corporation Common Stock,Nyse,TGT
Tenet Healthcare Corporation Common Stock,Nyse,THC
Hanover Insurance Group Inc,Nyse,THG
THOR Index Rotation ETF,Nyse,THIR
THOR Equal Weight Low Volatility ETF,Nyse,THLV
"Thor Industries, Inc. Common Stock",Nyse,THO
abrdn Healthcare Opportunities Fund Shares of Beneficial Interest,Nyse,THQ
"Thermon Group Holdings, Inc. Common Stock",Nyse,THR
abrdn World Healthcare Fund Shares of Beneficial Interest,Nyse,THW
"TIC Solutions, Inc. Common Stock",Nyse,TIC
TIM S.A. American Depositary Shares (Each representing 5 Common Shares) ,Nyse,TIMB
"Team, Inc. Common Stock",Nyse,TISI
"TJX Companies, Inc. (The) Common Stock",Nyse,TJX
Teekay Corporation Ltd. Common Stock,Nyse,TK
Turkcell Iletisim Hizmetleri AS Common Stock,Nyse,TKC
"TKO Group Holdings, Inc. Class A Common Stock",Nyse,TKO
Timken Company (The) Common Stock,Nyse,TKR
"PT Telekomunikasi Indonesia, Tbk",Nyse,TLK
"Tilly's, Inc. Common Stock",Nyse,TLYS
Toyota Motor Corporation Common Stock,Nyse,TM
"Tencent Music Entertainment Group American Depositary Shares, each representing two Class A Ordinary Shares",Nyse,TME
Taylor Morrison Home Corporation Common Stock,Nyse,TMHC
Thermo Fisher Scientific Inc Common Stock,Nyse,TMO
Tennant Company Common Stock,Nyse,TNC
"TriNet Group, Inc. Common Stock",Nyse,TNET
Tortoise Energy Fund,Nyse,TNGY
Teekay Tankers Ltd.,Nyse,TNK
Travel   Leisure Co. Common  Stock,Nyse,TNL
"Toll Brothers, Inc. Common Stock",Nyse,TOL
"Toast, Inc. Class A Common Stock",Nyse,TOST
"Turning Point Brands, Inc. Common Stock",Nyse,TPB
Tutor Perini Corporation Common Stock,Nyse,TPC
"Tri Pointe Homes, Inc. Common Stock",Nyse,TPH
Texas Pacific Land Corporation Common Stock,Nyse,TPL
"Tapestry, Inc. Common Stock",Nyse,TPR
"Terra Property Trust, Inc. 6.00% Notes due 2026",Nyse,TPTA
TriplePoint Venture Growth BDC Corp. Common Stock,Nyse,TPVG
Tortoise North American Pipeline Fund,Nyse,TPYP
Tortoise Electrification Infrastructure ETF,Nyse,TPZ
"Tootsie Roll Industries, Inc. Common Stock",Nyse,TR
"APEX Tech Acquisition Inc. Units, each consisting of one Class A ordinary share and one right to receive one sixth (1/6) of a Class A ordinary share",Nyse,TRAD.U
"ReposiTrak, Inc. Common Stock",Nyse,TRAK
Tejon Ranch Co Common Stock,Nyse,TRC
"Trex Company, Inc. Common Stock",Nyse,TREX
"Targa Resources, Inc. Common Stock",Nyse,TRGP
"Trinity Industries, Inc. Common Stock",Nyse,TRN
Terreno Realty Corporation Common Stock,Nyse,TRNO
Tronox Holdings plc Ordinary Shares (UK),Nyse,TROX
TC Energy Corporation Common Stock,Nyse,TRP
Triton International Limited 8.50% Series A Cumulative Redeemable Perpetual  Preference Shares,Nyse,TRTN$A
Triton International Limited 8.00% Series B Cumulative Redeemable Perpetual Preference Shares,Nyse,TRTN$B
Triton International Limited 7.375% Series C Cumulative Redeemable Perpetual Preference Shares,Nyse,TRTN$C
Triton International Limited 6.875% Series D Cumulative Redeemable Perpetual Preference Shares,Nyse,TRTN$D
Triton International Limited 5.75% Series E Cumulative Redeemable Perpetual Preference Shares,Nyse,TRTN$E
Triton International Limited 7.625% Series F Cumulative Redeemable Perpetual Preference Shares,Nyse,TRTN$F
Triton International Limited 7.500% Series G Cumulative Redeemable Perpetual Preference Shares,Nyse,TRTN$G
"TPG RE Finance Trust, Inc. Common Stock",Nyse,TRTX
"TPG RE Finance Trust, Inc. 6.25% Series C Cumulative Redeemable Preferred Stock, $0.001 par value per share",Nyse,TRTX$C
TransUnion Common Stock,Nyse,TRU
"The Travelers Companies, Inc. Common Stock",Nyse,TRV
Tenaris S.A. American Depositary Shares,Nyse,TS
"TCW Strategic Income Fund, Inc. Common Stock",Nyse,TSI
"TCW Strategic Income Fund, Inc. Rights (expiring March 18, 2026) Rights",Nyse,TSI.R
"Sixth Street Specialty Lending, Inc. Common Stock",Nyse,TSLX
Taiwan Semiconductor Manufacturing Company Ltd.,Nyse,TSM
"Tyson Foods, Inc. Common Stock",Nyse,TSN
"Townsquare Media, Inc. Class A Common Stock",Nyse,TSQ
Trane Technologies plc,Nyse,TT
Titan America SA Common Shares,Nyse,TTAM
Toro Company (The) Common Stock,Nyse,TTC
TotalEnergies SE Ordinary Shares,Nyse,TTE
"Tetra Technologies, Inc. Common Stock",Nyse,TTI
Telus Corporation Ordinary Shares,Nyse,TU
"Tuya Inc. American Depositary Shares, each representing one Class A Ordinary Share",Nyse,TUYA
Grupo Televisa S.A.B. Common Stock,Nyse,TV
Tennessee Valley Authority Common Stock,Nyse,TVC
Tennessee Valley Authority,Nyse,TVE
"Titan International, Inc. (DE) Common Stock",Nyse,TWI
Twilio Inc. Class A Common Stock,Nyse,TWLO
"Taiwan Fund, Inc. (The) Common Stock",Nyse,TWN
Two Harbors Investment Corp,Nyse,TWO
Two Harbors Investments Corp 8.125% Series A Fixed,Nyse,TWO$A
Two Harbors Investments Corp 7.625% Series B Fixed,Nyse,TWO$B
Two Harbors Investments Corp 7.25% Series C Fixed,Nyse,TWO$C
Two Harbors Investments Corp 9.375% Senior Notes due 2030,Nyse,TWOD
"Ternium S.A. Ternium S.A. American Depositary Shares (each representing ten shares, USD1.00 par value)",Nyse,TX
"TXNM Energy, Inc. Common Stock",Nyse,TXNM
"TXO Partners, L.P. Common Units Representing Limited Partner Interests",Nyse,TXO
Textron Inc. Common Stock,Nyse,TXT
Tri Continental Corporation Common Stock,Nyse,TY
Tri Continental Corporation Preferred Stock,Nyse,TY$
Tortoise Energy Infrastructure Corporation Common Stock,Nyse,TYG
"Tyler Technologies, Inc. Common Stock",Nyse,TYL
Unity Software Inc. Common Stock,Nyse,U
"Under Armour, Inc. Class C Common Stock",Nyse,UA
"Under Armour, Inc. Class A Common Stock",Nyse,UAA
"CVR Partners, LP Common Units representing Limited Partner Interests",Nyse,UAN
"Uber Technologies, Inc. Common Stock",Nyse,UBER
UBS Group AG Registered Ordinary Shares,Nyse,UBS
"United Community Banks, Inc. Common Stock",Nyse,UCB
"UDR, Inc. Common Stock",Nyse,UDR
Urban Edge Properties Common Shares of Beneficial Interest,Nyse,UE
"Unifi, Inc. New Common Stock",Nyse,UFI
UGI Corporation Common Stock,Nyse,UGI
Ultrapar Participacoes S.A. (New) American Depositary Shares (Each representing one Common Share),Nyse,UGP
U,Nyse,UHAL
U,Nyse,UHAL.B
"Universal Health Services, Inc. Common Stock",Nyse,UHS
Universal Health Realty Income Trust Common Stock,Nyse,UHT
Ubiquiti Inc. Common Stock,Nyse,UI
Unisys Corporation New Common Stock,Nyse,UIS
Unilever PLC American Depositary Shares (each representing One Ordinary Share),Nyse,UL
UL Solutions Inc. Class A Common Stock,Nyse,ULS
United Microelectronics Corporation (NEW) Common Stock,Nyse,UMC
"UMH Properties, Inc. Common Stock",Nyse,UMH
"UMH Properties, Inc. 6.375% Series D Cumulative Redeemable Preferred Stock, Liquidation Preference $25 per share",Nyse,UMH$D
Unifirst Corporation Common Stock,Nyse,UNF
"United Natural Foods, Inc. Common Stock",Nyse,UNFI
UnitedHealth Group Incorporated Common Stock (DE),Nyse,UNH
Unum Group Common Stock,Nyse,UNM
Unum Group 6.250% Junior Subordinated Notes due 2058,Nyse,UNMA
Union Pacific Corporation Common Stock,Nyse,UNP
Wheels Up Experience Inc. Class A Common Stock,Nyse,UP
"United Parcel Service, Inc. Common Stock",Nyse,UPS
"United Rentals, Inc. Common Stock",Nyse,URI
Liberty All,Nyse,USA
"USA Compression Partners, LP Common Units Representing Limited Partner Interests",Nyse,USAC
U.S. Bancorp Common Stock,Nyse,USB
"U.S. Bancorp Depositary Shares, Each representing a 1/100th interest in a share of Series A Non",Nyse,USB$A
U.S. Bancorp Depositary Shares repstg 1/1000th Pfd Ser B,Nyse,USB$H
"U.S. Bancorp Depositary Shares each representing a 1/1,000th interest in a share of Series K Non",Nyse,USB$P
"U.S. Bancorp Depositary Shares, Each Representing a 1/1,000th Interest in a Share of Series L Non",Nyse,USB$Q
"U.S. Bancorp Depositary Shares, Each Representing a 1/1,000th Interest in a Share of Series M Non",Nyse,USB$R
"U.S. Bancorp Depositary Shares, each representing a 1/1,000th interest in a share of Series O Non",Nyse,USB$S
US Foods Holding Corp. Common Stock,Nyse,USFD
"USANA Health Sciences, Inc. Common Stock",Nyse,USNA
"U.S. Physical Therapy, Inc. Common Stock",Nyse,USPH
"Cohen & Steers Infrastructure Fund, Inc Common Stock",Nyse,UTF
Universal Technical Institute Inc Common Stock,Nyse,UTI
UNITIL Corporation Common Stock,Nyse,UTL
Utz Brands Inc Class A Common Stock ,Nyse,UTZ
UNIVERSAL INSURANCE HOLDINGS INC Common Stock,Nyse,UVE
Universal Corporation Common Stock,Nyse,UVV
UWM Holdings Corporation Class A Common Stock,Nyse,UWMC
"Array Digital Infrastructure, Inc. 6.250% Senior Notes due 2069",Nyse,UZD
"Array Digital Infrastructure, Inc. 5.500% Senior Notes due 2070",Nyse,UZE
"Array Digital Infrastructure, Inc. 5.500% Senior Notes due 2070",Nyse,UZF
Visa Inc.,Nyse,V
Marriott Vacations Worldwide Corporation Common Stock,Nyse,VAC
Viking Acquisition Corp. I Class A Ordinary Shares,Nyse,VACI
"Viking Acquisition Corp. I Units, each consisting of one Class A ordinary share and one",Nyse,VACI.U
Viking Acquisition Corp. I Warrants to purchase one Class A Ordinary Share,Nyse,VACI.W
Valaris Limited Common Shares,Nyse,VAL
Valaris Limited Warrants,Nyse,VAL.W
VALE S.A.  American Depositary Shares Each Representing one common share,Nyse,VALE
INNOVATE Corp. Common Stock,Nyse,VATE
Invesco Bond Fund Common Stock,Nyse,VBF
Invesco California Value Municipal Income Trust Common Stock,Nyse,VCV
Veeva Systems Inc. Class A Common Stock,Nyse,VEEV
"Velocity Financial, Inc. Common Stock",Nyse,VEL
Vermilion Energy Inc. Common (Canada),Nyse,VET
V.F. Corporation Common Stock,Nyse,VFC
"Venture Global, Inc. Class A common stock",Nyse,VG
Virtus Global Multi,Nyse,VGI
Invesco Trust for Investment Grade Municipals Common Stock (DE),Nyse,VGM
"Valhi, Inc. Common Stock",Nyse,VHI
"Via Transportation, Inc. Class A Common Stock",Nyse,VIA
VICI Properties Inc. Common Stock,Nyse,VICI
Viking Holdings Ltd Ordinary Shares,Nyse,VIK
"Vipshop Holdings Limited American Depositary Shares, each representing two ordinary shares",Nyse,VIPS
"Virtu Financial, Inc. Class A Common Stock",Nyse,VIRT
"Vista Energy S.A.B. de C.V. American Depositary Shares, each representing one series A share, with no par value",Nyse,VIST
Telefonica Brasil S.A. American Depositary Shares (Each representing One Common Share),Nyse,VIV
Invesco Municipal Trust Common Stock,Nyse,VKQ
Valens Semiconductor Ltd. Ordinary Shares,Nyse,VLN
"Valens Semiconductor Ltd. Warrants, each warrant to purchase one",Nyse,VLN.W
Valero Energy Corporation Common Stock,Nyse,VLO
"Controladora Vuela Compania de Aviacion, S.A.B. de C.V. American Depositary Shares, each representing ten (10) Ordinary Participation Certificates",Nyse,VLRS
Invesco High Income Trust II,Nyse,VLT
Veralto Corp Common Stock ,Nyse,VLTO
Vulcan Materials Company (Holding Company) Common Stock,Nyse,VMC
"Valmont Industries, Inc. Common Stock",Nyse,VMI
Invesco Municipal Opportunity Trust Common Stock,Nyse,VMO
Vornado Realty Trust Common Stock,Nyse,VNO
Vornado Realty Trust Pfd Ser L %,Nyse,VNO$L
"Vornado Realty Trust 5.25% Series M Cumulative Redeemable Preferred Shares of Beneficial Interest, liquidation preference $25.00 per share, no par value per share",Nyse,VNO$M
"Vornado Realty Trust 5.25% Series N Cumulative Redeemable Preferred Shares of Beneficial Interest, liquidation preference $25.00 per share",Nyse,VNO$N
"Vornado Realty Trust 4.45% Series O Cumulative Redeemable Preferred Shares, Liquidation Preference $25.00 Per Share",Nyse,VNO$O
Vontier Corporation Common Stock ,Nyse,VNT
VOC Energy Trust Units of Beneficial Interest,Nyse,VOC
"Voya Financial, Inc. Common Stock",Nyse,VOYA
"Voya Financial, Inc. Depositary Shares, each representing a 1/40th interest in a share of 5.35% Fixed",Nyse,VOYA$B
"Voyager Technologies, Inc. Class A Common Stock",Nyse,VOYG
"Vishay Precision Group, Inc. Common Stock",Nyse,VPG
Invesco Pennsylvania Value Municipal Income Trust Common Stock (DE),Nyse,VPV
"Veris Residential, Inc. Common Stock",Nyse,VRE
"Vertiv Holdings, LLC Class A Common Stock",Nyse,VRT
"Virtus Investment Partners, Inc. Common Stock",Nyse,VRTS
Victorias Secret & Co. Common Stock ,Nyse,VSCO
"Vishay Intertechnology, Inc. Common Stock",Nyse,VSH
Vistra Corp. Common Stock,Nyse,VST
Vestis Corporation Common Stock,Nyse,VSTS
VTEX Class A Common Shares,Nyse,VTEX
"Corporacion Inmobiliaria Vesta, S.A.B de C.V. American Depositary Shares, each representing ten (10) Common Shares",Nyse,VTMX
Invesco Trust for Investment Grade New York Municipals Common Stock,Nyse,VTN
"Bristow Group, Inc. Common Stock",Nyse,VTOL
"Ventas, Inc. Common Stock",Nyse,VTR
"Vitesse Energy, Inc. Common Stock",Nyse,VTS
Invesco Senior Income Trust Common Stock (DE),Nyse,VVR
Valvoline Inc. Common Stock,Nyse,VVV
"V2X, Inc. Common Stock",Nyse,VVX
NCR Voyix Corporation Common Stock,Nyse,VYX
Verizon Communications Inc. Common Stock,Nyse,VZ
Wayfair Inc. Class A Common Stock,Nyse,W
Westinghouse Air Brake Technologies Corporation Common Stock,Nyse,WAB
Pabrai Wagons ETF,Nyse,WAGN
Western Alliance Bancorporation Common Stock (DE),Nyse,WAL
"Western Alliance Bancorporation Depositary Shares, Each Representing a 1/400th Interest in a Share of 4.250% Fixed",Nyse,WAL$A
Waters Corporation Common Stock,Nyse,WAT
WaterBridge Infrastructure LLC Class A Shares Representing Limited Liability Company Interests,Nyse,WBI
WBI Power Factor High Dividend ETF,Nyse,WBIY
Webster Financial Corporation Common Stock,Nyse,WBS
"Webster Financial Corporation Depositary Shares, Each Representing 1/1,000th Interest in a Share of 5.25% Series F Non",Nyse,WBS$F
"Webster Financial Corporation Depositary Shares, each representing a 1/40th interest in a share of 6.50% Series G non",Nyse,WBS$G
Wallbox N.V. Class A Ordinary Shares,Nyse,WBX
"WESCO International, Inc. Common Stock",Nyse,WCC
"Waste Connections, Inc. Common Shares",Nyse,WCN
"Walker & Dunlop, Inc Common Stock",Nyse,WD
Waterdrop Inc. American Depositary Shares (each representing the right to receive 10 Class A Ordinary Shares),Nyse,WDH
Western Asset Diversified Income Fund Common Shares of Beneficial Interest,Nyse,WDI
"Woodside Energy Group Limited American Depositary Shares, each representing one Ordinary Share",Nyse,WDS
Western Asset Bond Fund Share of Beneficial Interest,Nyse,WEA
"Weave Communications, Inc. Common Stock",Nyse,WEAV
"WEC Energy Group, Inc. Common Stock",Nyse,WEC
Welltower Inc. Common Stock,Nyse,WELL
"Western Midstream Partners, LP Common Units Representing Limited Partner Interests",Nyse,WES
WEX Inc. common stock,Nyse,WEX
Woori Financial Group Inc. American Depositary Shares (each representing three (3) shares of Common Stock),Nyse,WF
Wells Fargo & Company Common Stock,Nyse,WFC
"Wells Fargo & Company Depositary Shares, each representing a 1/1,000th interest in a share of Non",Nyse,WFC$A
"Wells Fargo & Company Depositary Shares, each representing a 1/1,000th interest in a share of Non",Nyse,WFC$C
"Wells Fargo & Company Depositary Shares, each representing a 1/1,000th interest in  a share of Non",Nyse,WFC$D
Wells Fargo & Company 7.50% Non,Nyse,WFC$L
"Wells Fargo & Company Depositary Shares, each representing a 1/1,000th interest in a share of Non",Nyse,WFC$Y
"Wells Fargo & Company Depositary Shares, each representing a 1/1,000th interest in a share of Non",Nyse,WFC$Z
West Fraser Timber Co. Ltd Common stock,Nyse,WFG
"Winnebago Industries, Inc. Common Stock",Nyse,WGO
"Wyndham Hotels & Resorts, Inc. Common Stock ",Nyse,WH
"Cactus, Inc. Class A Common Stock",Nyse,WHD
Westwood Holdings Group Inc Common Stock,Nyse,WHG
Whirlpool Corporation Common Stock,Nyse,WHR
"Whirlpool Corporation Depositary Shares, each representing a 1/20th interest in a share of 8.50% Series A Mandatory Convertible Preferred Stock",Nyse,WHR$A
Western Asset Inflation,Nyse,WIA
Harbor Long,Nyse,WINN
Wipro Limited Common Stock,Nyse,WIT
Western Asset Inflation,Nyse,WIW
Workiva Inc. Class A Common Stock,Nyse,WK
World Kinect Corporation Common Stock,Nyse,WKC
Westlake Corporation Common Stock,Nyse,WLK
Westlake Chemical Partners LP Common Units representing limited partner interests,Nyse,WLKP
WealthTrust DBS Long Term Growth ETF,Nyse,WLTG
"John Wiley & Sons, Inc. Common Stock",Nyse,WLY
"John Wiley & Sons, Inc. Common Stock",Nyse,WLYB
"Waste Management, Inc. Common Stock",Nyse,WM
"Williams Companies, Inc. (The) Common Stock",Nyse,WMB
"Weis Markets, Inc. Common Stock",Nyse,WMK
"Advanced Drainage Systems, Inc. Common Stock",Nyse,WMS
Wabash National Corporation Common Stock,Nyse,WNC
"Wolfspeed, Inc. Common Stock New",Nyse,WOLF
"Worthington Enterprises, Inc. Common Shares",Nyse,WOR
White Pearl Acquisition Corp. Class A Ordinary Shares,Nyse,WPAC
"White Pearl Acquisition Corp. Rights, each right entitles the holder to receive one",Nyse,WPAC.R
"White Pearl Acquisition Corp. Units, each consisting of one Class A ordinary share and one right to receive one",Nyse,WPAC.U
W. P. Carey Inc. REIT,Nyse,WPC
Wheaton Precious Metals Corp Common Shares (Canada),Nyse,WPM
WPP plc American Depositary Shares,Nyse,WPP
W.R. Berkley Corporation Common Stock,Nyse,WRB
W.R. Berkley Corporation 5.70% Subordinated Debentures due 2058,Nyse,WRB$E
W.R. Berkley Corporation 5.10% Subordinated Debentures due 2059,Nyse,WRB$F
W.R. Berkley Corporation 4.25% Subordinated Debentures due 2060,Nyse,WRB$G
W.R. Berkley Corporation 4.125% Subordinated Debentures due 2061,Nyse,WRB$H
Warby Parker Inc. Class A Common Stock,Nyse,WRBY
"Worthington Steel, Inc. Common Shares",Nyse,WS
Williams,Nyse,WSM
"Watsco, Inc. Common Stock",Nyse,WSO
"Watsco, Inc. Class B Common Stock",Nyse,WSO.B
Whitestone REIT Common Shares,Nyse,WSR
"West Pharmaceutical Services, Inc. Common Stock",Nyse,WST
"WisdomTree, Inc. Common Stock",Nyse,WT
"W&T Offshore, Inc. Common Stock",Nyse,WTI
"White Mountains Insurance Group, Ltd. Common Stock",Nyse,WTM
"Essential Utilities, Inc. Common Stock",Nyse,WTRG
"Watts Water Technologies, Inc. Class A Common Stock",Nyse,WTS
"Select Water Solutions, Inc. Class A common stock",Nyse,WTTR
Western Union Company (The) Common Stock,Nyse,WU
"Wolverine World Wide, Inc. Common Stock",Nyse,WWW
Weyerhaeuser Company Common Stock,Nyse,WY
XFLH Capital Corporation Ordinary Shares,Nyse,XFLH
XFLH Capital Corporation Rights to receive one,Nyse,XFLH.R
"XFLH Capital Corporation Units, each consisting of one Ordinary Share and one Right",Nyse,XFLH.U
XAI Octagon Floating Rate & Alternative Income Trust Common Shares of Beneficial Interest,Nyse,XFLT
"Xenia Hotels & Resorts, Inc. Common Stock",Nyse,XHR
"XPLR Infrastructure, LP Common Units representing limited partner interests",Nyse,XIFR
Exxon Mobil Corporation Common Stock,Nyse,XOM
Xperi Inc. Common Stock ,Nyse,XPER
"XPeng Inc. American depositary shares, each representing two Class A ordinary shares",Nyse,XPEV
"XPO, Inc. Common Stock",Nyse,XPO
"Xponential Fitness, Inc. Class A Common Stock",Nyse,XPOF
Expro Group Holdings N.V. Common Stock,Nyse,XPRO
Chiron Real Estate Inc. Common Stock,Nyse,XRN
Chiron Real Estate Inc. Series A Cumulative Redeemable Preferred Stock,Nyse,XRN$A
"Chiron Real Estate Inc. 8.00% Series B Cumulative Redeemable Preferred Stock, $0.001 par value per share",Nyse,XRN$B
"Twenty One Capital, Inc. Class A Common Stock",Nyse,XXI
"X Financial American Depositary Shares, each representing six Class A Ordinary Shares",Nyse,XYF
Xylem Inc. Common Stock New,Nyse,XYL
"Block, Inc. Class A Common Stock,",Nyse,XYZ
"Exzeo Group, Inc. Common Stock",Nyse,XZO
"Yalla Group Limited American Depositary Shares, each representing one Class A Ordinary Share",Nyse,YALA
AA Mission Acquisition Corp. II Class A Ordinary Shares,Nyse,YCY
"AA Mission Acquisition Corp. II Units, each consisting of one Class A ordinary share and one",Nyse,YCY.U
"AA Mission Acquisition Corp. II Warrants, each whole warrant entitles to purchase one Class A ordinary share at a price of $11.50 per share",Nyse,YCY.W
Yelp Inc. Common Stock,Nyse,YELP
"YETI Holdings, Inc. Common Stock",Nyse,YETI
"Yext, Inc. Common Stock",Nyse,YEXT
Full Truck Alliance Co. Ltd. American Depositary Shares (each representing 20 Class A Ordinary Shares),Nyse,YMM
"Clear Secure, Inc. Class A Common Stock",Nyse,YOU
YPF Sociedad Anonima Common Stock,Nyse,YPF
"Yiren Digital Ltd. American Depositary Shares, each representing two ordinary shares",Nyse,YRD
"Yatsen Holding Limited American Depositary Shares, each representing twenty (20) Class A Ordinary Shares",Nyse,YSG
York Space Systems Inc. Common Stock,Nyse,YSS
"Yum! Brands, Inc.",Nyse,YUM
"Yum China Holdings, Inc. Common Stock",Nyse,YUMC
"Zimmer Biomet Holdings, Inc. Common Stock",Nyse,ZBH
"Zepp Health Corporation American depositary shares, each representing sixteen Class A ordinary shares",Nyse,ZEPP
Zeta Global Holdings Corp. Class A Common Stock,Nyse,ZETA
Ermenegildo Zegna N.V. Ordinary Shares,Nyse,ZGN
"Zhihu Inc. American Depositary Shares, each representing three (3) Class A Ordinary Shares",Nyse,ZH
ZIM Integrated Shipping Services Ltd. Ordinary Shares,Nyse,ZIM
"ZipRecruiter, Inc. Class A Common Stock",Nyse,ZIP
"ZKH Group Limited American Depositary Shares, each representing thirty",Nyse,ZKH
"ZTO Express (Cayman) Inc. American Depositary Shares, each representing one Class A ordinary share.",Nyse,ZTO
Virtus Total Return Fund Inc.,Nyse,ZTR
Zoetis Inc. Class A Common Stock,Nyse,ZTS
Zevia PBC Class A Common Stock,Nyse,ZVIA
Zurn Elkay Water Solutions Corporation Common Stock,Nyse,ZWS
BETA Technologies Inc,Nyse,BETA